Time,Tick,Run_1,Run_2,Run_3,Run_4,Run_5,Run_6,Run_7,Run_8,Run_9,Run_10,Run_11,Run_12,Run_13,Run_14,Run_15,Run_16,Run_17,Run_18,Run_19,Run_20,Run_21,Run_22,Run_23,Run_24,Run_25,Run_26,Run_27,Run_28,Run_29,Run_30,Run_31,Run_32,Run_33,Run_34,Run_35,Run_36,Run_37,Run_38,Run_39,Run_40,Run_41,Run_42,Run_43,Run_44,Run_45,Run_46,Run_47,Run_48,Run_49,Run_50,Run_51,Run_52,Run_53,Run_54,Run_55,Run_56,Run_57,Run_58,Run_59,Run_60,Run_61,Run_62,Run_63,Run_64,Run_65,Run_66,Run_67,Run_68,Run_69,Run_70,Run_71,Run_72,Run_73,Run_74,Run_75,Run_76,Run_77,Run_78,Run_79,Run_80,Run_81,Run_82,Run_83,Run_84,Run_85,Run_86,Run_87,Run_88,Run_89,Run_90,Run_91,Run_92,Run_93,Run_94,Run_95,Run_96,Run_97,Run_98,Run_99,Run_100,Run_101,Run_102,Run_103,Run_104,Run_105,Run_106,Run_107,Run_108,Run_109,Run_110,Run_111,Run_112,Run_113,Run_114,Run_115,Run_116,Run_117,Run_118,Run_119,Run_120,Run_121,Run_122,Run_123,Run_124,Run_125,Run_126,Run_127,Run_128,Run_129,Run_130,Run_131,Run_132,Run_133,Run_134,Run_135,Run_136,Run_137,Run_138,Run_139,Run_140,Run_141,Run_142,Run_143,Run_144,Run_145,Run_146,Run_147,Run_148,Run_149,Run_150,Run_151,Run_152,Run_153,Run_154,Run_155,Run_156,Run_157,Run_158,Run_159,Run_160,Run_161,Run_162,Run_163,Run_164,Run_165,Run_166,Run_167,Run_168,Run_169,Run_170,Run_171,Run_172,Run_173,Run_174,Run_175,Run_176,Run_177,Run_178,Run_179,Run_180,Run_181,Run_182,Run_183,Run_184,Run_185,Run_186,Run_187,Run_188,Run_189,Run_190,Run_191,Run_192,Run_193,Run_194,Run_195,Run_196,Run_197,Run_198,Run_199,Run_200,Average
08:00 AM,0,2296,2340,2398,2362,2267,2290,2275,2392,2336,2340,2313,2321,2460,2255,2266,2253,2237,2367,2323,2387,2375,2374,2356,2332,2402,2346,2315,2231,2350,2370,2377,2464,2425,2256,2339,2389,2282,2293,2341,2346,2329,2347,2318,2356,2288,2348,2311,2376,2265,2307,2454,2429,2294,2262,2315,2356,2365,2414,2217,2346,2284,2397,2410,2318,2373,2305,2351,2348,2328,2324,2351,2391,2346,2283,2392,2342,2336,2313,2382,2330,2324,2395,2318,2328,2345,2367,2369,2256,2344,2299,2232,2291,2339,2415,2406,2343,2361,2267,2335,2342,2323,2329,2382,2333,2348,2314,2384,2307,2351,2322,2370,2367,2366,2270,2341,2399,2408,2387,2297,2306,2424,2333,2275,2330,2378,2375,2317,2268,2387,2283,2427,2355,2381,2294,2311,2435,2374,2377,2290,2293,2385,2354,2341,2341,2393,2335,2352,2312,2399,2279,2280,2297,2266,2329,2322,2326,2367,2417,2278,2349,2296,2334,2302,2290,2390,2256,2286,2318,2282,2351,2374,2350,2333,2320,2318,2368,2261,2367,2343,2317,2363,2274,2396,2314,2418,2276,2367,2403,2385,2413,2277,2391,2222,2309,2303,2352,2300,2287,2352,2313,2337.11
08:10 AM,10,2580,2629,2679,2623,2527,2562,2572,2798,2588,2630,2580,2612,2693,2538,2546,2507,2506,2635,2614,2684,2647,2671,2632,2596,2660,2587,2636,2522,2595,2607,2630,2747,2684,2560,2605,2654,2541,2584,2589,2645,2640,2640,2574,2647,2569,2619,2593,2580,2521,2555,2729,2676,2597,2562,2611,2607,2617,2688,2512,2612,2572,2645,2680,2623,2603,2580,2623,2623,2625,2575,2590,2688,2589,2554,2657,2590,2604,2601,2619,2598,2623,2656,2608,2549,2599,2659,2663,2523,2638,2539,2482,2546,2605,2699,2671,2647,2587,2552,2616,2623,2588,2588,2646,2625,2635,2596,2654,2603,2606,2570,2660,2634,2664,2527,2594,2653,2680,2680,2575,2559,2728,2599,2539,2581,2641,2653,2551,2554,2662,2608,2658,2611,2667,2571,2608,2679,2674,2607,2554,2577,2640,2618,2602,2588,2696,2595,2625,2582,2694,2546,2527,2590,2520,2616,2576,2607,2625,2687,2552,2610,2603,2613,2577,2535,2654,2529,2562,2611,2552,2649,2640,2589,2629,2594,2601,2609,2598,2612,2630,2580,2642,2544,2681,2590,2659,2560,2631,2674,2667,2656,2510,2652,2485,2551,2573,2621,2558,2578,2642,2594,2608.79
08:20 AM,20,1795,1715,1785,1779,1729,1763,1809,1830,1809,1867,1704,1749,1777,1723,1836,1710,1724,1784,1736,1787,1799,1822,1778,1752,1729,1783,1838,1792,1715,1717,1811,1788,1809,1778,1723,1736,1736,1767,1766,1704,1806,1808,1783,1786,1759,1759,1670,1731,1739,1785,1790,1763,1740,1822,1762,1711,1773,1733,1712,1750,1777,1787,1718,1767,1723,1799,1763,1737,1768,1751,1729,1824,1731,1909,1697,1744,1745,1722,1704,1755,1794,1731,1785,1854,1797,1784,1802,1769,1752,1689,1722,1662,1797,1835,1780,1743,1802,1787,1741,1747,1751,1721,1797,1780,1768,1718,1777,1797,1738,1786,1798,1786,1858,1777,1870,1805,1799,1753,1834,1716,1801,1794,1726,1753,1756,1774,1744,1800,1829,1773,1830,1792,1775,1768,1723,1800,1809,1778,1895,1885,1766,1719,1809,1741,1766,1765,1757,1699,1761,1693,1667,1707,1753,1748,1743,1710,1752,1769,1774,1754,1813,1754,1770,1831,1767,1696,1743,1801,1779,1783,1779,1775,1794,1743,1758,1788,1756,1791,1801,1760,1785,1670,1770,1740,1781,1761,1754,1825,1803,1727,1667,1746,1845,1753,1823,1783,1744,1751,1730,1759,1767.22
08:30 AM,30,2391,2500,2454,2430,2441,2353,2335,2461,2413,2327,2340,2421,2479,2378,2377,2382,2366,2413,2424,2444,2449,2441,2404,2332,2560,2418,2456,2388,2374,2424,2584,2449,2412,2402,2377,2508,2365,2313,2382,2435,2461,2485,2398,2418,2301,2500,2407,2339,2295,2421,2525,2411,2434,2371,2399,2404,2504,2419,2288,2535,2428,2536,2482,2389,2464,2401,2441,2396,2358,2532,2395,2448,2383,2578,2527,2429,2402,2402,2337,2407,2471,2456,2371,2483,2451,2440,2393,2434,2404,2367,2329,2452,2351,2520,2424,2402,2474,2392,2474,2361,2425,2362,2466,2452,2392,2413,2417,2444,2436,2401,2432,2427,2309,2385,2388,2392,2455,2435,2504,2318,2421,2475,2418,2438,2550,2387,2484,2355,2439,2337,2485,2423,2372,2393,2454,2503,2475,2404,2563,2605,2484,2416,2411,2460,2489,2393,2443,2396,2502,2393,2399,2362,2350,2423,2369,2356,2371,2493,2395,2423,2352,2506,2349,2320,2462,2389,2389,2544,2388,2517,2536,2359,2380,2426,2456,2536,2361,2474,2375,2482,2467,2374,2453,2371,2534,2438,2429,2343,2476,2504,2398,2442,2431,2397,2407,2540,2425,2336,2291,2542,2424.31
08:40 AM,40,2835,2772,2799,2787,2789,2782,2720,2898,2820,2820,2842,2822,2788,2738,2719,2732,2766,2830,2859,2767,2806,2847,2841,2650,2835,2772,2762,2752,2759,2792,2752,2844,2793,2771,2782,2755,2800,2836,2780,2780,2827,2895,2811,2841,2768,2965,2712,2779,2725,2730,2910,2834,2857,2745,2810,2804,2831,2836,2705,2895,2730,2888,2817,2835,2836,2828,2805,2818,2788,2861,2842,2842,2799,2889,2792,2754,2846,2796,2778,2779,2708,2815,2755,2822,2863,2801,2810,2790,2848,2817,2735,2746,2678,2808,2819,2765,2933,2812,2778,2804,2750,2770,2832,2800,2787,2852,2861,2914,2807,2929,2805,2788,2853,2768,2763,2751,2761,2786,2756,2654,2779,2827,2709,2736,2864,2835,2868,2755,2845,2792,2847,2770,2715,2750,2801,2923,2841,2770,2770,2889,2780,2787,2860,2735,2815,2732,2827,2770,2856,2688,2772,2810,2796,2863,2801,2738,2730,2844,2731,2840,2809,2929,2705,2756,2852,2817,2760,2917,2788,2708,2787,2811,2767,2730,2813,2909,2689,2813,2809,2741,2779,2717,2819,2738,2882,2824,2801,2776,2830,2892,2709,2817,2754,2740,2724,2770,2810,2759,2667,2918,2797.94
08:50 AM,50,3299,3269,3311,3197,3259,3272,3141,3234,3262,3295,3395,3195,3301,3161,3209,3211,3186,3212,3301,3201,3241,3337,3308,3116,3184,3215,3168,3202,3131,3194,3300,3260,3147,3151,3217,3214,3271,3167,3273,3254,3257,3343,3388,3373,3090,3254,3249,3277,3145,3171,3463,3254,3162,3096,3223,3229,3230,3319,3214,3269,3185,3380,3298,3251,3314,3195,3294,3197,3267,3223,3228,3231,3190,3275,3229,3224,3226,3261,3141,3308,3209,3226,3178,3260,3433,3257,3227,3188,3168,3200,3192,3242,3193,3268,3243,3231,3304,3271,3389,3275,3214,3162,3283,3292,3314,3191,3265,3256,3330,3351,3275,3230,3225,3251,3217,3234,3263,3253,3104,3048,3309,3348,3105,3226,3262,3242,3239,3277,3298,3272,3295,3164,3244,3294,3250,3450,3258,3223,3185,3295,3299,3221,3233,3151,3182,3183,3190,3199,3310,3128,3267,3266,3225,3242,3204,3194,3160,3351,3170,3225,3270,3244,3163,3164,3265,3206,3192,3333,3280,3257,3219,3186,3278,3220,3223,3354,3149,3293,3201,3164,3178,3213,3280,3237,3294,3340,3244,3290,3277,3371,3231,3176,3168,3243,3208,3287,3157,3247,3131,3270,3240.18
09:00 AM,60,3683,3625,3663,3586,3738,3706,3644,3744,3694,3680,3630,3575,3661,3636,3591,3635,3568,3787,3769,3685,3783,3644,3693,3471,3629,3719,3661,3593,3615,3524,3749,3711,3557,3515,3603,3678,3587,3634,3702,3681,3693,3656,3744,3745,3644,3698,3557,3781,3628,3605,3780,3684,3569,3563,3731,3590,3664,3831,3709,3741,3599,3672,3719,3686,3780,3635,3731,3582,3818,3691,3613,3784,3627,3670,3702,3605,3710,3715,3527,3754,3604,3668,3606,3696,3757,3646,3728,3578,3658,3615,3652,3624,3612,3710,3707,3687,3740,3666,3851,3789,3678,3612,3679,3717,3669,3615,3663,3759,3624,3750,3751,3640,3717,3717,3548,3586,3707,3693,3565,3593,3680,3760,3525,3617,3655,3642,3746,3635,3675,3662,3703,3620,3654,3655,3657,3769,3654,3733,3636,3642,3704,3629,3732,3632,3674,3675,3568,3589,3716,3572,3618,3695,3583,3689,3675,3665,3577,3671,3634,3588,3755,3780,3556,3434,3772,3601,3653,3740,3699,3719,3536,3604,3744,3603,3651,3776,3585,3639,3645,3596,3676,3541,3716,3633,3698,3737,3611,3630,3793,3781,3727,3699,3617,3671,3557,3671,3674,3687,3586,3743,3664.51
09:10 AM,70,4270,4158,4131,4137,4059,4210,4083,4314,4209,4133,4155,4103,4117,4078,4076,4163,4123,4190,4249,4052,4268,4171,4206,3983,4266,4093,4068,4044,4070,4104,4204,4216,4147,4024,4054,4102,4164,4100,4087,4231,4213,4087,4285,4230,3999,4188,4074,4183,4051,4196,4266,4199,4116,4165,4196,4039,4254,4273,4127,4211,4219,4123,4222,4203,4233,4149,4252,4110,4182,4197,4092,4273,4158,4187,4142,4161,4132,4188,4071,4110,4066,4125,4192,4163,4228,4102,4144,3987,4132,4174,4054,4180,4107,4213,4303,4164,4197,4122,4292,4314,4116,4186,4342,4236,4142,4113,4094,4176,4147,4163,4220,4042,4084,4150,4176,4105,4140,4226,4161,4042,4207,4156,4028,4009,4142,4215,4171,4209,4171,4161,4228,4068,4180,4175,4114,4219,4205,4031,4158,4052,4209,4212,4285,4163,4224,4145,4129,4083,4172,4008,4170,4131,4093,4252,4174,4121,4036,4186,4119,4192,4173,4162,4020,4051,4208,4043,4143,4160,4251,4183,3990,4098,4237,4156,4084,4267,4052,4180,4156,4075,4135,4106,4129,4127,4215,4279,4149,4129,4252,4269,4139,4111,4153,4147,4149,4210,4109,4256,4099,4252,4153.98
09:20 AM,80,4685,4609,4630,4528,4645,4655,4592,4770,4766,4759,4702,4576,4719,4537,4668,4582,4765,4658,4693,4513,4729,4715,4780,4556,4867,4648,4592,4655,4543,4586,4686,4668,4659,4560,4632,4618,4589,4831,4682,4660,4595,4688,4753,4774,4477,4815,4652,4647,4580,4783,4756,4621,4592,4498,4639,4493,4740,4797,4719,4712,4553,4680,4800,4679,4649,4708,4671,4574,4672,4651,4570,4735,4683,4663,4622,4509,4582,4635,4628,4740,4552,4625,4682,4747,4659,4547,4749,4456,4548,4614,4617,4653,4524,4594,4779,4685,4822,4609,4807,4879,4572,4709,4747,4722,4620,4460,4659,4647,4680,4763,4628,4591,4566,4673,4696,4588,4560,4603,4535,4505,4593,4702,4524,4534,4569,4733,4709,4739,4783,4663,4702,4577,4557,4525,4684,4720,4660,4622,4590,4656,4769,4650,4686,4640,4830,4626,4704,4500,4642,4470,4660,4603,4638,4637,4641,4705,4589,4754,4657,4683,4681,4612,4507,4472,4600,4498,4717,4686,4532,4631,4428,4695,4842,4524,4663,4737,4548,4658,4654,4525,4630,4581,4647,4630,4808,4838,4537,4672,4769,4667,4656,4505,4585,4790,4632,4664,4597,4714,4690,4763,4649.13
09:30 AM,90,5142,5061,5152,4956,5287,5215,5125,5293,5224,5286,5291,5097,5224,5092,5191,5125,5193,5228,5305,5148,5275,5205,5210,5120,5346,5282,5189,5192,5018,5259,5218,5233,5149,5027,5118,5226,5194,5347,5280,5171,5290,5199,5360,5291,5093,5284,4956,5261,5119,5239,5464,5207,5134,5141,5176,5052,5295,5319,5272,5074,5244,5234,5371,5247,5244,5104,5127,5103,5264,5209,5202,5200,5169,5261,5177,5210,5107,5220,5227,5371,5157,5306,5216,5227,5229,5223,5264,5089,5114,5137,5018,5118,5117,5211,5160,5361,5225,5217,5311,5273,5095,5215,5207,5112,5295,5077,5125,5241,5294,5208,5136,5245,5124,5253,5217,5210,5137,5145,5094,5145,5137,5242,5084,5102,5125,5258,5161,5186,5248,5166,5244,5096,5157,5082,5255,5351,5210,5196,5159,5189,5286,5120,5199,5218,5348,5140,5132,5049,5216,4979,5153,5071,5138,5244,5187,5100,5117,5332,5200,5195,5143,5156,5051,5096,5217,4958,5089,5245,5131,5129,4987,5161,5342,5197,5154,5195,5193,5127,5144,5114,5234,5128,5202,5165,5176,5240,5167,5286,5202,5303,5193,5061,5132,5203,5249,5137,5082,5183,5172,5231,5187.03
09:40 AM,100,5632,5704,5652,5512,5980,5789,5790,5870,5839,5778,5627,5749,5798,5693,5714,5660,5686,5765,5885,5675,5749,5704,5780,5668,5890,5805,5854,5700,5664,5647,5784,5779,5746,5738,5666,5830,5756,5793,5744,5901,5790,5702,5835,5860,5748,5861,5621,5805,5687,5940,5923,5847,5653,5814,5879,5793,5776,5799,5664,5669,5829,5889,6041,5761,5905,5742,5694,5696,5793,5783,5719,5941,5711,5718,5730,5697,5697,5738,5714,5820,5650,5930,5645,5821,5784,5751,5983,5710,5734,5807,5808,5613,5606,5630,5702,5842,5725,5810,5896,5780,5691,5823,5817,5629,5733,5630,5692,5684,6131,5856,5693,5736,5737,5728,5770,5735,5804,5699,5605,5606,5591,5657,5685,5596,5731,5694,5720,5747,5775,5688,5808,5549,5690,5659,5771,5829,5701,5676,5708,5816,5857,5644,5766,5771,5905,5760,5605,5646,5807,5644,5593,5648,5648,5845,5865,5739,5675,6023,5676,5942,5759,5653,5706,5723,5749,5624,5674,5765,5772,5731,5627,5736,5934,5814,5783,5713,5767,5647,5684,5610,5635,5674,5833,5789,5763,5733,5754,5939,5694,5677,5786,5649,5599,5773,5840,5764,5739,5703,5766,5783,5749.1
09:50 AM,110,6330,6244,6303,6084,6500,6330,6189,6265,6378,6348,6282,6456,6492,6207,6239,6215,6198,6296,6491,6212,6464,6385,6438,6326,6447,6290,6357,6500,6253,6284,6362,6364,6401,6211,6320,6393,6347,6406,6213,6467,6221,6238,6430,6507,6200,6247,6115,6378,6281,6359,6476,6364,6295,6182,6246,6329,6298,6288,6205,6240,6259,6318,6386,6364,6466,6346,6416,6415,6404,6460,6206,6355,6408,6219,6314,6293,6284,6419,6356,6292,6337,6421,6258,6427,6294,6234,6508,6225,6355,6352,6481,6218,6311,6237,6196,6201,6295,6358,6510,6269,6189,6428,6341,6320,6198,6172,6291,6270,6461,6270,6282,6274,6161,6450,6458,6335,6274,6338,6157,6327,6253,6259,6295,6328,6258,6208,6304,6329,6518,6154,6382,6256,6245,6309,6363,6402,6360,6349,6278,6377,6509,6211,6436,6311,6433,6157,6199,6209,6348,6242,6218,6140,6285,6352,6284,6342,6182,6369,6259,6507,6347,6277,6280,6054,6345,6175,6181,6336,6133,6304,5996,6294,6360,6230,6345,6373,6301,6073,6281,6117,6336,6204,6278,6289,6235,6177,6279,6465,6323,6318,6260,6496,6214,6319,6387,6291,6125,6425,6331,6424,6309.23
10:00 AM,120,6803,6813,6827,6712,6952,6923,6710,6903,6936,6819,6950,6962,6860,6837,6894,6871,6705,6945,6951,6856,6890,7027,7071,6841,6851,6841,6874,6840,6807,6807,6804,6834,7030,6791,6743,6946,6837,6767,6784,6878,6851,6708,6940,6968,6859,6991,6738,6876,6850,6675,6985,6832,6871,6681,6951,6860,6867,6948,6888,6920,6809,7031,6854,6980,7122,6896,7153,6809,6928,6830,6875,6857,6902,7018,6958,6785,6867,6903,6911,6937,6876,7008,6792,6891,6907,6790,6833,6863,6954,6860,6868,6878,6872,6906,6850,6860,6969,6906,6900,6764,6804,6954,6970,6973,6717,6870,6822,6796,6860,6680,6937,6716,6833,6994,6918,6909,6957,6846,6820,6814,6900,6798,7081,7023,6826,7016,6861,6990,6848,6834,6893,6794,6810,7168,6926,7238,6832,6862,6806,6834,7009,6550,7003,6754,7014,6803,6679,6840,6723,6606,6755,6754,6840,6889,6837,6808,6665,6945,6794,7120,6869,6763,6840,6873,6846,6738,6794,6978,6697,6845,6741,7075,6960,6814,6881,6835,6931,6759,6770,6732,6824,6723,6930,6891,6759,6644,6902,7050,6953,6967,6783,6961,6846,6853,6826,6860,6733,6878,6838,6955,6867.79
10:10 AM,130,7372,7345,7468,7321,7517,7372,7154,7401,7350,7485,7423,7512,7460,7324,7427,7337,7180,7463,7240,7394,7388,7466,7690,7339,7253,7489,7475,7356,7306,7430,7456,7401,7477,7473,7199,7464,7422,7398,7392,7634,7461,7353,7498,7386,7312,7444,7316,7338,7382,7157,7717,7456,7389,7372,7493,7457,7383,7646,7558,7531,7324,7457,7512,7465,7617,7400,7580,7425,7396,7509,7356,7325,7460,7445,7665,7402,7377,7461,7439,7684,7350,7436,7365,7472,7382,7447,7293,7391,7592,7385,7415,7355,7453,7545,7526,7417,7505,7483,7521,7596,7477,7365,7538,7554,7158,7381,7496,7360,7258,7198,7506,7162,7420,7573,7390,7487,7417,7464,7425,7263,7470,7445,7350,7362,7426,7502,7406,7457,7297,7507,7549,7341,7308,7591,7587,7657,7314,7668,7319,7458,7553,7164,7444,7357,7407,7343,7294,7486,7328,7331,7330,7374,7506,7418,7270,7311,7172,7653,7420,7638,7436,7423,7318,7073,7270,7358,7399,7469,7205,7521,7362,7571,7586,7476,7449,7412,7507,7284,7422,7299,7413,7437,7444,7479,7332,7530,7451,7587,7414,7629,7389,7377,7469,7464,7329,7534,7119,7352,7442,7614,7421.4
10:20 AM,140,7988,7776,8204,7860,8117,8013,7817,7887,7943,8024,7925,8048,7922,7907,7928,7897,7678,7956,8051,7925,7946,8184,8079,7993,7539,7935,7900,7870,7921,7946,8019,7938,8082,7896,7868,8069,7939,8013,7997,8239,7866,7869,8110,7928,7761,7992,7805,7874,7927,7782,8286,8033,7722,7914,8001,7990,8106,8151,7878,7764,7910,7822,7822,7949,8016,8019,8043,7938,7996,8130,7986,7868,8030,8068,7775,7957,7922,7895,7899,8350,7967,8020,7938,8013,8062,8085,7796,8022,8123,7888,8038,8043,7775,8006,7885,7882,7949,7972,8153,7842,8062,7752,8027,8194,7853,7899,8312,7807,7760,7899,7893,8047,7886,8146,7920,7970,8000,8065,7877,7970,8075,8015,7832,7905,8081,7909,8077,7998,7711,7997,8081,7872,7942,7845,7933,7916,8026,8212,8028,7978,8014,7892,8028,7958,8042,8007,7850,7999,7722,7939,7969,7857,8027,7866,7960,7853,7672,8055,7948,8047,7939,7963,7888,7575,7818,7913,7857,8009,7990,7921,7820,7951,8169,7995,8050,8024,7983,7869,7932,8001,7930,7943,7977,7966,7901,8192,7779,8048,8060,7981,7969,8181,7977,7956,8173,7804,7657,7775,8007,8137,7957.05
10:30 AM,150,8468,8342,8737,8494,8452,8651,8159,8352,8592,8409,8490,8525,8476,8487,8418,8187,8236,8402,8351,8612,8351,8443,8439,8474,8281,8292,8426,8530,8425,8431,8549,8510,8459,8365,8363,8563,8346,8347,8541,8329,8556,8265,8494,8397,8357,8522,8495,8470,8320,8358,8627,8460,8162,8179,8556,8363,8454,8402,8220,7980,8319,8540,8359,8582,8467,8693,8414,8351,8469,8437,8367,8353,8432,8595,8185,8619,8489,8306,8439,8616,8407,8503,8454,8361,8475,8460,8439,8475,8557,8640,8541,8555,8171,8607,8310,8418,8452,8266,8654,8320,8538,8250,8551,8764,8361,8443,8242,8269,8375,8425,8473,8310,8402,8536,8567,8504,8482,8555,8487,8329,8438,8409,8352,8354,8739,8364,8227,8430,8195,8572,8449,8369,8363,8366,7995,8273,8617,8469,8330,8531,8638,8396,8526,8520,8597,8315,8460,8293,8266,8284,8454,8209,8423,8300,8421,8242,8219,8605,8464,8322,8390,8236,8491,8010,8252,8485,8324,8576,8236,8245,8450,8461,8563,8382,8467,8562,8402,8384,8423,8342,8398,8352,8575,8467,8411,8383,8548,8334,8411,8523,8383,8575,8635,8495,8556,8131,8347,8293,8480,8524,8421.0
10:40 AM,160,8708,8773,8734,9009,8800,8914,8536,8926,9012,8959,8998,8920,8871,8797,8928,8687,8846,8950,8413,9070,8881,8856,8750,8910,8914,8607,8864,8734,9007,8915,8888,9108,8858,9079,8752,8814,8856,8824,8882,8859,8809,8636,8963,8773,8656,8881,8778,8762,8784,9046,9030,9011,8706,8813,8672,8820,9141,8774,8651,8289,8824,9042,8954,8914,8696,8931,8802,8759,8624,8964,8677,8717,8766,9044,8711,8825,8910,8449,8873,8730,8679,8802,8862,8976,8892,8904,8770,9032,8872,9239,9041,9264,8707,8917,8461,8818,8812,8821,8970,8824,9003,8796,8930,9115,8697,8947,8466,8770,8801,9040,8964,8612,8632,9022,9036,8799,8957,8977,8843,8885,8772,8808,8868,8805,8850,8953,8627,8791,9114,9002,8885,9020,8731,8883,8410,8638,9011,8705,8597,8848,8891,8896,8863,8702,8715,8627,8862,8674,8671,8530,8783,8643,8909,8651,8896,8631,8804,8893,8910,8688,8922,8757,8933,8425,8758,8768,8905,8927,8728,8678,8885,8783,8848,8812,8860,8925,9008,8742,8972,8663,8836,8845,8956,8981,8904,8676,9145,8684,9003,8852,8834,8975,8813,8895,8846,8807,8515,8863,8820,8995,8832.36
10:50 AM,170,9070,9122,8989,9393,9536,9088,8864,9227,9320,9389,9279,9389,9225,9409,9169,8911,9345,9442,8447,9034,9250,9278,9087,9411,9255,8675,9492,9032,9280,9260,9255,9347,9477,9245,9216,9255,9045,9347,9349,9151,9198,9148,9644,9174,9245,9143,9145,9230,9040,9237,9322,9465,9211,9283,8881,9130,9272,9448,9091,8671,9172,9237,9376,9341,9016,9249,9128,9224,9003,8999,9014,9305,9184,9180,8689,9028,9062,8877,9387,8999,8940,9189,9270,9320,9322,9314,9254,9529,9147,9335,9437,9433,9022,9343,8566,9279,9303,9060,9164,9282,8970,9096,9382,9104,9094,9354,8822,9153,9121,9180,9328,8946,9115,9560,9370,9276,9322,9531,9198,9337,9133,9217,9254,9018,9196,9166,8948,8944,9216,9278,9230,9308,9212,9250,8712,9006,9263,8852,9108,9339,9363,9344,9245,8967,9093,9184,9252,8867,9038,9332,9257,9129,9263,9200,9262,9040,8962,9202,9309,9068,9417,9189,9358,8765,9186,9236,9278,9498,9198,9014,9291,9239,9166,9201,9393,9256,9360,8870,9288,8568,9355,9320,9485,9416,9224,8874,9125,9033,9224,9230,9410,9275,9118,9479,9107,9167,9080,9393,9251,9324,9191.3
11:00 AM,180,9397,9542,9302,9471,9577,9337,9174,9501,9631,9546,9649,9674,9369,9449,9562,9308,9567,9688,8718,9163,9516,9513,9426,9616,9412,9014,9509,9402,9626,9511,9514,9354,9613,9246,9583,9649,9587,9482,9652,9054,9490,9853,9438,9517,9669,9300,9609,9560,9167,9409,9571,9626,9621,9521,9381,9525,9222,9635,9299,9173,9913,9751,9962,9697,9546,9602,9472,9673,9271,8936,9250,9489,9494,9540,9062,9400,9249,9144,9589,9385,9254,9535,9630,9529,9563,9669,9428,9535,9327,9504,9738,9228,9409,9583,8828,9601,9580,9420,9233,9652,8977,9598,9530,9101,9376,9652,9124,9319,9503,9541,9752,9334,9582,9314,9713,9483,9583,9559,9472,9564,9531,9462,9563,9185,9429,9419,9460,9349,9361,9603,9422,9749,9387,9605,9144,9278,9184,9126,9433,9600,9563,9420,9488,9294,9535,9330,9585,9099,9561,9784,9401,9477,9722,9603,9578,9427,9510,9262,9563,9464,9600,9573,9669,9098,9704,9479,9387,9649,9593,9292,9950,9661,9978,9315,9653,9466,9583,9304,9498,8389,9723,9624,9577,9751,9459,9223,9427,9337,9444,9571,9899,9584,9291,9598,9325,9216,9554,9815,9666,9596,9468.58
11:10 AM,190,9558,9704,9855,9623,9721,9427,9623,9720,9774,9747,9698,9831,9804,9575,9790,9598,9744,9554,9355,9440,9412,9655,9652,9722,9482,9273,9704,9734,9943,9822,9555,9588,9645,9515,9821,10009,9743,9635,9762,9205,9771,9567,9239,9772,9786,9580,9781,9686,9457,9448,9876,9620,9920,9914,9758,9800,9248,9424,9439,9484,9751,9694,9890,9999,9734,9978,9651,9893,9561,9159,9488,9459,9934,9953,9405,9557,9429,9386,9977,9840,9526,9718,9709,9877,10067,9843,9669,9547,9373,9696,9788,9382,9804,9712,9380,9882,9834,9688,9527,9800,9235,9790,9704,9318,9554,9728,9527,9562,9771,9823,9906,9304,9806,9320,9743,9928,9892,9470,9528,9800,9822,9747,9766,10004,9604,9810,9760,9567,9661,9875,9740,9917,9832,9814,9653,9735,9357,9418,9759,10173,9698,9461,9760,9634,9558,9476,9667,9352,9644,9630,9395,9806,9738,9875,9933,9556,9903,9453,10001,9550,9765,9824,9846,9555,9771,9605,9561,9687,9775,9338,9805,9895,9943,9493,9938,9750,9829,9378,9634,8704,9549,9855,9491,9731,9689,9412,9814,9719,9757,9936,9800,9854,9539,9904,9744,9413,9933,9738,9868,9849,9673.26
11:20 AM,200,9835,10005,10138,10102,9691,9345,10035,9898,10008,9924,9638,9983,10000,9685,9803,9910,9925,9376,9677,9569,9660,10150,9779,9683,9740,9776,9908,10001,9881,10034,9726,9850,9834,9847,9976,10287,9837,9867,10032,9433,10007,9014,9709,9994,10028,9491,10076,10062,9691,9638,10019,9913,10045,10076,9933,10083,9264,9359,9753,9898,9509,9457,9728,10179,9806,9951,9913,9894,9617,9278,9794,9681,10055,10003,9759,9756,9629,9660,10250,9935,9710,10091,10053,10084,9951,9814,9531,9857,9577,9698,9878,9619,9949,10017,9435,10192,9950,9995,9858,9964,9856,9993,10173,9717,9432,9922,9934,9835,9932,9990,9809,9677,10129,9632,9836,9792,10112,9707,9901,9722,9943,10018,9863,10230,9875,9872,9750,9747,9640,10024,9908,9857,9993,9729,9863,9856,9769,9623,10123,10004,10022,9884,9912,9866,9594,9668,9757,9650,9683,9661,9366,9855,10011,10031,10022,9476,9965,9721,10112,9554,9929,9992,9831,9715,9802,9787,9632,9791,9956,9675,9564,10032,9746,9508,10031,9956,10076,9644,9825,8797,9820,9848,9755,9716,9916,9582,10106,9675,9733,10140,9762,10017,9927,9963,9897,9555,10076,9626,10165,9989,9830.67
11:30 AM,210,10150,10074,9899,10191,9857,9738,10153,9939,10062,9926,9743,9887,10088,9819,10107,10003,10170,9473,9745,10119,10054,10073,10148,9732,9917,10307,9915,10082,9656,10359,9735,10022,9894,10019,10138,10002,9970,10218,10121,9488,10046,9165,9710,10066,10152,9445,10012,10284,9771,9713,10215,10003,10120,9981,10135,10048,9333,9303,9768,10184,9681,9606,10031,9992,10092,9884,10058,9905,9930,9479,9929,9969,10314,10108,9927,9917,9810,9906,10368,9985,10087,10105,10026,10215,9520,10063,9517,10488,9815,10010,10073,9621,10041,10217,9585,9904,10150,10032,9949,9854,10079,9853,10019,9804,9454,10000,10181,10099,10097,10111,9938,9704,10351,9750,10125,9821,10110,9771,10112,9649,10043,10020,9935,10014,10283,10190,9879,9555,10015,10103,10051,9841,10181,9678,10082,9932,10043,9958,10083,9658,10125,10047,9863,10206,9817,9606,9995,9956,9955,9451,9799,9942,10018,10246,10175,9597,10001,9977,9680,9759,10063,10240,9971,10051,9844,10127,9845,9969,10139,9925,9608,10063,9762,9934,10099,10146,10039,9862,9849,9242,9858,10024,9992,10114,10067,10167,10076,9960,9886,10209,9790,10008,10069,10462,10148,9743,10155,9886,10124,10059,9954.86
11:40 AM,220,10217,9931,9978,10067,9888,9750,10153,9578,10242,9880,9484,9965,10173,9992,10129,10339,10103,9830,10075,10205,10263,10015,10330,9816,10097,10109,10180,9599,9942,10197,9823,10250,9921,10263,10105,10099,10228,9697,10268,9523,10098,9272,9863,10109,9839,9672,9951,10229,9463,9899,10194,10241,10170,10124,10056,9809,9423,9520,9872,10260,9853,9667,10103,9968,10027,9730,10296,9988,10055,9845,10249,10262,10093,10174,10142,10299,10124,10196,9858,10213,10260,10241,10260,10264,9377,10038,9540,10229,10255,10246,10239,9634,10103,10111,9662,9833,10394,10183,10202,10085,10340,9957,10107,9968,9779,10134,10170,10118,10200,10128,10310,9656,9885,10043,10253,10200,10075,9843,10072,9739,10232,10372,10088,9808,10344,10135,10010,9385,10017,10091,10168,10041,9878,9756,10254,10030,10161,10147,9552,9518,10211,9980,9968,10163,9956,9793,10060,10106,10020,9526,10116,10110,10144,10183,9964,9549,10005,10121,9612,9593,10328,10200,10183,10148,9760,10284,10048,10198,10290,10123,9688,9986,9774,10087,10199,10212,9814,9742,9910,9608,9892,10029,10171,10172,10106,10190,10107,10231,9947,10342,9971,10267,10103,10322,10214,10149,10047,10173,10363,10193,10023.91
11:50 AM,230,10296,9784,10043,10107,9806,9659,10278,9479,10284,9834,9442,9967,10162,10229,10113,10112,10213,10045,10257,10297,10229,9528,10156,10071,10183,9994,10070,9621,10230,9900,10179,10167,10196,10131,10222,9801,10211,9138,10194,9591,10127,9425,9884,10240,9902,9860,10076,10113,9357,10111,10095,10234,10466,10238,10262,9770,9718,9514,10213,10173,10105,10042,10002,9955,9839,9646,10316,9999,10113,10212,10189,10266,10248,10175,10276,10443,10295,10152,9671,10309,10153,10283,10220,10302,9446,9968,9795,9764,10212,10352,10093,9929,10224,10489,9804,10108,10136,10251,10261,10344,9989,9980,10183,10236,9855,10232,10300,10095,10219,10129,10388,9706,9786,10197,10202,10485,10247,10065,10038,10078,10260,10260,10072,9859,10304,10608,10231,9303,9902,9997,9913,10119,9801,10035,10196,10064,10136,10195,9549,9643,10175,9936,10040,10088,10107,9825,10130,10157,9990,9677,10166,10093,10149,10402,9855,9481,10054,10117,9706,9781,10348,10177,10213,10090,9503,10270,10164,10586,10166,10043,9882,9706,9883,10147,10109,10257,9782,9472,9890,10160,9954,9960,10245,10029,10384,10251,10377,10204,10011,10383,9906,10344,10195,9878,10173,10187,10106,10215,10508,10161,10057.44
12:00 PM,240,10275,9894,10247,10224,10059,9824,10129,9484,10191,9889,9660,10020,10115,10080,10022,9910,10152,10256,10260,10214,9889,9356,10154,10257,10423,9838,9812,9621,10282,9920,10285,10168,10310,10273,10218,9549,9943,9357,10131,9657,10172,9551,10079,10266,10135,9760,10126,10298,9618,10049,10216,10276,10176,10371,10001,9713,10005,9943,10270,10065,10017,10095,9791,10215,9955,9778,10247,10111,9968,10150,10348,10336,9991,10226,10196,10187,10187,10191,9773,10310,9789,10294,10258,10338,9731,10189,9988,9763,10065,10228,10221,10207,10282,10229,10000,10312,9890,10269,10001,10375,9554,10092,10363,10206,10066,10323,10285,10142,9900,10176,9840,9858,9799,10181,10246,10254,10108,10226,10144,10226,10248,9926,10158,10140,10460,10354,10326,9430,9424,9895,10012,10137,9937,10185,10159,10017,10224,10251,9483,9602,10183,10312,10203,10257,9998,9712,10247,10281,10116,9815,10353,10213,10228,9592,10036,9510,10223,10046,9557,9722,10221,10154,10245,10044,9791,10213,10105,10335,10058,9919,9863,10086,10031,10220,9969,10274,9676,9619,10138,10286,9977,9986,10018,10054,10306,10267,10617,10137,10278,10019,10284,10043,10335,9550,10137,10178,10038,10344,9921,10282,10064.59
12:10 PM,250,10573,9814,10261,10261,10283,9760,9997,9705,10124,10193,9953,9935,10215,9922,9969,10019,10166,10153,10319,10249,9899,9057,10288,10206,10622,9706,9837,9733,10237,9884,9927,10219,10205,10269,10207,9541,9784,9536,10289,9678,10250,9665,10222,10205,10005,9389,10148,10057,9989,10155,10085,10106,9795,10469,9930,9793,10236,10360,10052,10377,10027,10235,9753,9776,10143,10098,10343,10090,9957,10153,10339,10238,9641,10361,10145,9990,10049,10034,9436,10200,9895,10280,10242,9631,9791,10250,10232,9853,10067,10361,10193,10175,10456,10008,10170,10250,9632,10213,9832,10063,9634,10204,10070,10149,10303,10034,10238,10128,9912,10151,9383,9853,9504,10222,10310,10042,10173,10052,10110,10297,10180,10056,10120,10400,10353,9703,10080,10102,9523,9963,10137,10037,9813,10159,10128,10140,10195,10363,9226,9732,10158,10369,10225,10260,9874,9835,10089,10389,10172,9882,10242,10216,10197,9046,9739,9794,10344,10096,9989,9688,10317,10214,10307,10112,9843,10358,10139,10051,9756,10030,10044,10177,10186,10164,9893,10191,10047,9832,10138,10061,10063,9988,9888,10161,9988,10197,10378,10238,10210,9904,10552,10046,10211,9451,10175,10195,10098,10608,9654,10284,10054.08
12:20 PM,260,10360,9997,10041,10076,10067,9703,9986,9893,10102,10129,10141,9975,10212,9903,9997,10011,10152,9852,10258,10269,10015,9364,10108,10107,10269,9809,9827,9645,10266,10061,9661,10160,10201,10539,10384,9760,9949,9477,10169,10029,10248,9744,9986,10363,10099,9379,10118,10100,10267,10134,9935,10136,9718,10224,9827,9818,10226,10543,9903,10225,10090,10211,9952,9693,10094,10166,10196,10267,9794,10265,10297,10193,9588,10165,10294,9908,9926,9695,9570,10106,9975,10178,10111,9610,10108,10282,10261,9883,10187,10022,10239,10038,10323,10005,10239,10225,9774,10224,9937,9863,9711,9949,9750,10256,10281,9993,10202,9955,10157,10316,9417,9885,9487,9985,10249,10274,10123,9834,10019,10018,10187,10199,10090,10267,10002,9692,9807,10209,9549,10198,10200,9961,9951,10269,10037,10301,10582,10214,9529,9939,10001,10261,9896,10106,9829,9977,10124,10274,10260,10160,10101,10075,10189,9148,9420,10189,10216,10170,9627,10018,10206,10288,10169,10318,9952,10185,10172,9878,9683,10180,10180,10308,10151,10222,9878,10234,10200,10048,10070,9906,10175,10045,10120,9726,9793,10228,9792,10217,9861,9832,10396,10218,10480,9389,10152,10059,10178,10220,9789,10083,10039.68
12:30 PM,270,9835,10005,9744,10224,9924,10044,10001,10070,10103,10253,10087,10009,10243,9937,10051,10044,10200,9678,10188,9923,9712,9588,10236,10111,10190,10036,9995,9858,10040,10112,9107,10077,10197,10149,10122,10109,10079,9702,10103,10035,10142,9917,10055,10478,10145,9435,10186,10147,10093,10359,9905,10039,9718,9943,9772,9974,10368,10154,9897,10147,10003,9956,9839,9868,10096,10171,10078,10108,9643,10232,10225,10235,9587,10103,10168,9738,9536,9295,9996,10434,10068,10095,10098,9695,10130,10144,10140,9680,10337,9895,9931,10196,9971,10035,10138,10396,9902,9827,10442,10240,9616,9951,9991,10199,10224,10156,10165,9807,10148,10278,9493,10236,9693,9835,10214,10203,10074,9801,10171,9707,10189,10259,10101,9927,9914,9771,9967,10126,9690,10060,10331,10030,10025,9999,10079,10179,10402,10096,10160,10130,9765,9849,9819,10010,9931,9921,10036,9847,10255,10143,10106,9872,10239,9425,9469,10304,10155,10043,9833,10107,10139,10243,10060,10215,9993,9927,10193,9975,9835,10437,10201,10137,10082,10201,9862,10324,10118,10269,10256,10096,10247,9867,10029,9339,9932,10238,9604,10206,10189,9910,9823,10318,10170,9510,10224,10275,10157,9887,10010,10117,10024.03
12:40 PM,280,9558,10296,10000,10119,9721,10640,10045,10002,10089,10233,10335,10013,10115,10228,9826,9921,10241,9494,10141,10007,9629,9833,10362,10131,10178,10230,10151,9896,10122,10102,8914,9860,10472,9857,10001,9938,10146,9758,10006,9946,10054,10034,9998,9989,10246,9854,10036,10040,9989,10157,9819,10073,9881,9919,9821,10072,10179,9842,9962,10137,9958,9693,9715,9977,10393,10244,10060,10155,9837,10038,10322,10099,9893,10000,10157,9914,9209,9306,10016,10420,10081,10133,10092,9742,10125,10443,10054,9968,10162,9849,9441,10034,9894,10030,10083,9981,9855,9788,10028,10240,10062,9999,10079,9871,10120,10274,10082,9589,10130,10210,9673,10089,10179,9878,10275,10030,10132,9777,9980,9889,10113,10282,10221,9840,9840,10095,9783,9966,9987,9938,10212,9843,10043,9653,10158,10214,9938,10048,10267,10095,9679,9425,10080,9739,10052,10148,9809,9607,10001,10171,9719,10074,10279,9394,9840,9854,10058,10013,9835,10092,10030,10149,9942,9796,10102,9796,10039,10105,10019,10207,10134,10050,10102,10092,9761,10098,10065,10165,10225,10291,10049,9591,9953,9389,10034,10206,9195,9930,9717,10151,9336,9994,9733,9604,10134,10295,9928,9887,10295,10277,9988.38
12:50 PM,290,9584,10191,9957,10133,9704,9851,10078,9762,10072,10075,10109,10048,10116,10256,9772,9859,9979,9533,10155,10011,9898,9976,9786,10122,9814,10162,10076,10131,10333,10133,9095,9944,10215,9750,10102,9722,10261,9637,10187,9885,10122,10074,9809,9587,10170,10158,10043,9709,9933,9983,9819,9985,9858,9895,9895,9934,9927,9718,10118,10209,9944,9565,9954,10041,10076,10103,10114,10242,9898,9988,10285,9816,9911,10096,10152,9869,9228,9771,9309,9861,9992,10146,9975,10115,9874,10016,10013,10058,9834,9861,9495,9921,10034,10127,10148,9828,10068,9803,9620,10307,10066,10157,10050,9536,10114,9968,9796,9757,10066,10176,9930,10165,10587,9875,10460,10192,10090,9918,9590,10130,10102,10023,9987,9621,9873,10140,9600,10131,10093,10123,10375,9802,10031,9950,10002,10103,9665,10062,10183,10072,9618,9262,10102,9630,9939,10119,9698,9653,9613,10187,9768,10142,10210,9450,10233,9674,10077,9958,9412,10032,10033,10159,10098,9631,9779,9950,10036,10253,10122,9761,10103,10055,10033,10188,9818,10118,10109,10301,9786,9833,9821,9542,9991,9826,10062,10177,9016,9810,9491,10156,9635,9682,9977,9695,10005,9787,9759,9807,10093,9879,9942.97
01:00 PM,300,9596,9838,9942,10038,9668,9408,9828,9376,10068,9911,9728,10065,9994,10205,9496,9940,9714,9615,10069,10011,9841,10321,9372,9924,9607,10066,10117,10064,10050,10030,9519,9824,9563,9778,9878,9723,10064,9406,10064,9736,9909,10020,9816,9281,10093,10051,9976,9512,10008,9832,9911,9989,9577,9707,10151,9957,9631,9729,10019,9990,9920,9871,10040,9845,10041,9963,10063,10050,9940,9983,9940,9693,9946,9988,10044,9792,9667,9874,9042,9658,9952,9964,10009,9867,9711,9773,10112,9970,9569,10021,9871,9875,9965,10153,10004,9707,9968,10048,9157,10150,9976,9855,10007,9598,9962,9600,9848,9698,10001,10168,10039,10105,10010,9960,10112,9912,10040,9847,9351,10024,9840,9970,9930,9791,9708,9989,9603,10226,9955,10016,9713,9907,10010,10045,9980,9918,9540,9998,10188,10097,10240,9591,10074,9666,9822,10159,9554,9525,9240,10132,9800,10124,9973,9752,10146,9729,10090,9965,9267,10025,9801,10038,10036,9533,9568,9816,10017,10050,10068,9639,9960,10073,10114,10180,9823,10138,10306,10193,9568,9614,10009,9438,10080,9934,10070,10022,9193,9518,9731,9733,9944,9614,10142,10017,10018,9455,9771,10000,9912,9601,9869.85
01:10 PM,310,9990,9619,9992,9726,9664,9065,9313,9382,9935,10051,9628,9768,10150,9849,9572,10104,9812,9584,9854,9919,9725,10345,9319,9836,9457,9812,9892,9922,9699,9996,10003,9902,9364,9698,9714,9627,9999,9314,9854,9905,9877,9920,9953,9468,9699,10053,10054,9380,9971,9799,9900,9908,9484,9664,10037,9958,9553,9697,10013,9967,10006,10082,9717,9749,9938,9929,9858,9768,9911,9849,9673,9643,9872,9952,9881,9820,10197,9643,9395,9705,10062,9988,9953,9899,9819,9624,9899,9860,9850,9966,9747,9827,9953,9759,9861,9742,10049,10141,9102,9878,9892,9542,9920,9506,9954,9668,9696,9627,9908,9846,10042,9727,9694,10023,9952,9731,9942,9817,9432,10049,9759,10016,9980,9749,9578,9966,9616,9886,9948,10095,9659,9828,9982,9823,10005,9955,9368,9920,9949,9779,9914,10086,9866,9725,9945,10308,9546,9750,9059,9699,9784,10012,9681,9973,9930,9821,9815,9990,9363,9876,9901,9995,9927,9670,9744,9850,9847,9848,9878,9630,9926,9981,9918,9927,9833,10102,10026,9998,9299,9424,9928,9751,9886,10105,9955,9951,9594,9247,9843,9582,10033,9834,10199,9871,9839,9349,9675,10037,9842,9525,9810.12
01:20 PM,320,9685,9598,9848,9669,9795,8981,9212,9786,9888,9963,9732,9640,9941,9551,9764,10005,9359,9733,10091,9901,10024,9416,9250,9861,9689,9655,9833,9834,9429,9914,10009,9881,9375,9641,9707,9716,9919,9704,9907,9887,9907,9817,10011,9335,9701,9907,9793,9407,10006,9664,9829,9841,9858,9832,9918,9903,9628,9863,9876,9799,9995,9878,9330,9568,9843,9820,9904,9698,9584,9877,9736,9698,9855,9954,9906,9850,9636,9595,9616,9467,9910,9991,9969,9654,9736,9663,10001,10013,9928,9592,9402,9859,10012,9742,9786,9562,9808,9766,9297,9815,9881,9564,9822,9706,9819,9881,10024,9675,9729,9538,9531,9424,9277,9890,9371,9946,9777,9852,9570,9906,9680,9962,9956,9809,9527,9704,9513,9680,9689,9955,9909,9706,9875,9610,9927,10052,9831,9827,9633,9625,9709,9941,9707,9627,10110,9847,10140,9872,9036,9262,9834,9855,9600,9952,9466,9730,9678,9706,9451,9678,9918,10027,9984,9930,9714,9845,9800,9861,9928,9701,9860,9920,9589,9847,9909,9641,9692,9773,9151,9418,9998,10008,9846,9954,9904,9995,9679,9299,9888,9841,9907,9920,10011,9793,9464,9353,9649,9677,9929,9809,9751.45
01:30 PM,330,9391,9677,9782,9555,9775,8884,9226,9549,9808,9770,9852,9860,9513,9427,9868,9738,9205,9836,9686,9669,9565,8982,8862,9737,9860,9698,9736,9771,9046,9806,10078,9773,9713,9510,9844,9788,9787,9703,9776,9982,9823,9778,9814,9125,9469,9739,9502,9500,9763,9663,9885,9733,9845,9759,9675,9844,9825,9944,9587,9752,9851,9559,9642,9557,9666,9667,9826,9816,9598,9803,9373,9640,9754,9448,9730,9913,9229,9459,9865,9140,10005,9762,9833,9623,9823,9426,9821,9658,9765,9033,9154,9892,9763,9696,9884,9690,9911,9570,9726,9772,9846,9407,9672,9645,9685,9740,9837,9568,9560,9389,9407,9251,9062,9870,8923,9937,9816,9931,9666,9737,9522,9641,9815,9773,9406,9532,9547,9659,9551,9694,9853,9565,9849,9773,9690,9975,9794,9849,9683,9696,9729,9678,9587,9717,9818,9081,9949,9858,9429,9241,10016,9741,9629,9857,9267,9712,9810,9809,9750,9969,9751,9875,9862,9953,9521,9926,9732,9835,9875,9765,9741,9743,9366,9949,9998,9553,9525,9431,9651,9342,9912,9707,9555,9832,9722,9843,9689,9143,9919,9811,9762,9864,9458,9853,9118,9342,9803,9560,9673,10028,9664.53
01:40 PM,340,9339,9753,9646,9350,9749,8994,9373,9339,9767,9833,9815,9766,9257,9559,9769,9488,9484,9748,9338,9540,9182,9193,8961,9735,9668,9662,9783,9806,8792,9818,10023,9648,9743,9212,9900,9685,9805,9355,9740,9910,9736,9740,9703,9306,9231,9903,9478,9335,9354,9482,9792,9726,9670,9697,9420,9773,9728,9732,9377,9436,9625,9307,9712,9449,9592,9738,9652,9700,9468,9816,9289,9533,9627,9472,9611,9751,9296,9305,9834,9045,9657,9815,9723,9706,9794,9413,9808,9596,9696,9247,9008,9749,9677,9749,9777,9755,9745,9288,9817,9676,9670,9615,9601,9370,9774,9808,9385,9571,9725,9290,9348,9249,9116,9552,9039,9845,9766,9678,9891,9486,9312,9528,9343,9697,9537,9427,9426,9489,9739,9773,9731,9503,9756,9726,9596,9859,9727,9736,9684,9714,9473,9565,9440,9672,9406,9065,9480,9619,9709,9385,9799,9641,9687,9705,9399,9646,9763,9788,9762,9694,9719,9838,9488,9740,9434,9587,9688,9718,9757,9817,9519,9558,9295,9713,9861,9480,9424,9425,9774,9683,9752,9515,9240,9739,9769,9718,9816,8944,9785,9731,9711,9710,9253,9755,9215,9407,9709,9867,9329,10045,9584.86
01:50 PM,350,9473,9697,9479,9521,9678,9450,9427,9135,9788,9603,9635,9423,9070,9698,9763,9367,9618,9683,9370,9569,9592,9277,9097,9711,9644,9454,9663,9621,8892,9665,9721,9456,9864,9015,9751,9397,9720,9523,9697,9648,9683,9660,9423,9553,9599,9614,9504,9423,9024,9299,9653,9656,9636,9351,9222,9436,9732,9655,9310,9142,9779,9241,9543,9568,9694,9628,9676,9710,9505,9632,9115,9395,9687,9699,9606,9567,9212,9374,9696,9267,9566,9690,9680,9663,9654,9512,9407,9624,9548,9530,9249,9680,9653,9718,9421,9657,9374,9201,9690,9487,9414,9715,9591,9208,9725,9712,9360,9698,9621,9581,9322,9335,9249,9423,9072,9716,9827,9639,9665,9298,9415,9615,9121,9661,9737,9452,9203,9563,9763,9710,9654,9548,9669,9699,9532,9630,9626,9620,9616,9717,9338,9784,9514,9680,8996,9157,9284,9658,9986,9638,9547,9549,9693,9555,9529,9664,9599,9540,9798,9293,9746,9673,9366,9169,9195,9824,9762,9617,9649,9753,9315,9454,9264,9468,9336,9330,9597,9306,9791,9668,9759,9278,9225,9682,9857,9653,9650,9140,9694,9560,9577,9438,9213,9586,9457,9646,9756,9577,9178,9630,9526.95
02:00 PM,360,9567,9708,9489,9414,9604,9507,9463,9019,9655,9533,9505,9305,8776,9843,9583,9434,9524,9661,9172,9510,9670,9254,9177,9556,9625,9166,9574,9371,9191,9540,9380,9459,9941,8904,9651,9381,9673,9688,9610,9511,9663,9598,9301,9614,9554,9257,9580,9454,9275,9169,9569,9729,9613,8942,9378,9386,9644,9595,9517,8993,9613,9112,9531,9570,9739,9579,9642,9711,9439,9577,9193,9436,9561,9590,9630,9684,9418,9583,9582,9092,9444,9592,9667,9779,9475,9537,9393,9613,9286,9635,9553,9616,9613,9816,9516,9566,9401,9216,9575,9607,9342,9392,9525,9279,9689,9420,9515,9606,9555,9591,9426,9295,9298,9378,8819,9548,9661,9705,9267,9499,9443,8974,9114,9628,9549,9401,9186,9565,9349,9462,9657,9597,9644,9634,9587,8959,9653,9634,9515,9764,9244,9587,9652,9636,9188,8958,9387,9571,9822,9438,9303,9556,9515,9484,9730,9695,9595,9474,9643,9552,9807,9649,9285,8916,9316,9836,9614,9553,9572,9916,9545,9272,9356,9472,9252,9295,9580,9335,9523,9720,9679,9227,9196,9690,9918,9694,9730,9486,9589,9397,9625,9228,9533,9692,9729,9650,9562,9407,9440,9197,9486.23
02:10 PM,370,9445,9667,9461,9103,9638,9274,9524,8863,9540,9490,9536,9390,8944,9563,9712,9440,9645,9554,9192,9533,9586,9194,9111,9449,9570,9469,9476,9162,9304,9321,9311,9586,9494,9007,9375,9633,9793,9650,9580,9331,9566,9556,9436,9565,9275,9073,9333,9383,9292,8815,9512,9777,9468,8734,9651,9153,9546,9480,9628,9043,9580,9287,9516,9561,9300,9510,9641,9618,9100,9520,9561,9456,9459,9522,9490,9602,9531,9619,9682,9163,9138,9639,9656,9656,9331,9563,9386,9538,9289,9454,9519,9724,9539,9922,9628,9457,9482,9451,9955,9629,9145,9137,9366,9332,9703,9365,9262,9580,9495,9666,9417,9225,9431,9270,9012,9585,9577,9625,9048,9609,9503,8874,8798,9438,9559,9766,9512,9552,9155,9543,9794,9543,9548,9423,9212,8988,9595,9345,9455,9495,8957,9543,9566,9519,9451,8464,9606,9507,9612,9219,9360,9472,9553,9117,9506,9601,9550,9364,9489,9416,9687,9354,9457,8835,9547,9446,9387,9491,9540,9584,9349,8915,9704,9365,9238,8950,9369,9505,9283,9414,9570,9503,9235,9679,9288,9381,9399,9483,9465,9222,9364,9145,9143,9673,9630,9429,9580,9661,9142,9273,9421.91
02:20 PM,380,9110,9484,9474,8944,9642,8915,9461,8940,9471,9427,9405,9001,9016,9446,9418,9619,9233,9432,9314,9447,9464,9225,9345,9386,9514,9519,9436,8947,9383,9253,9086,9409,9343,9291,9275,9330,9694,9490,9396,9280,9497,9627,9606,9520,9130,9203,9087,8897,9470,8868,9437,9304,9481,8793,9373,8962,9510,9064,9645,9032,9500,9527,9507,9540,8974,9341,9396,9656,9199,9594,9485,9501,9355,9448,9464,9449,9656,9551,9656,9316,8973,9494,9288,9296,9087,9493,9445,9398,9237,9235,9391,9599,9329,9139,9522,9491,9184,9585,9573,9466,9088,9214,9465,9241,9486,9443,9121,9427,9420,9762,9459,9289,9439,9364,9374,9397,9543,9463,8973,9497,9459,8836,8902,9068,9424,9394,9537,9563,9097,9619,9464,9446,9526,9445,8924,9049,9518,9338,9578,9192,8902,9308,9470,9649,9222,8546,9481,9532,9300,9084,9431,9051,9458,9035,9498,9484,9218,9277,9359,9271,9321,9330,9060,9118,9491,9257,9367,9498,9645,8762,9166,8906,9518,9260,8679,9084,9385,9510,9266,9293,9503,9618,9406,9456,9130,9244,9271,9593,9432,9198,9254,9200,8842,9526,9280,9492,9378,9481,8463,9404,9328.09
02:30 PM,390,9087,9479,9430,9021,9429,8761,9453,9273,9378,9421,9128,8732,9118,9398,9302,9476,9090,9435,9226,9391,9436,9237,9261,9511,9551,9519,9291,8824,9247,9302,9165,9484,9074,9355,9262,9040,9354,9449,9446,8995,9454,9351,9349,9251,9161,9374,9246,8703,9074,8966,9422,9042,9554,8776,9107,8726,9404,9064,9425,9157,9534,9431,9405,9376,8981,9203,9174,9291,9032,9392,9517,9609,9297,9648,9443,8761,9520,9290,9233,9294,9010,9662,8858,9050,8890,9385,9353,9466,9140,9031,9445,9362,9018,8423,9301,9387,9147,9747,8959,9163,8794,9133,9339,9374,9197,9451,9112,9321,9396,9297,9554,9371,9544,9675,9480,9488,9701,9346,8918,9458,9410,8592,9010,8922,9582,9141,9388,9417,9085,9399,9000,9358,9390,9368,9235,9136,9459,9225,9398,8998,8922,9222,9402,9443,9085,8856,9235,9438,9123,9026,9485,9168,9391,9191,9484,9125,9207,9166,9263,9063,9224,9231,8830,9212,9323,9292,9435,9419,9400,8391,9137,9228,9220,9160,8797,9112,9397,9677,9175,9341,9355,9421,9450,9361,9001,9227,9202,9409,9372,8833,9200,9334,9173,9471,9111,9429,9257,9437,8346,9338,9245.75
02:40 PM,400,9281,9324,9447,9196,9134,8967,9557,9407,9306,9290,9137,8391,9259,9361,9304,9282,8916,9558,9214,9334,9374,9253,9166,9534,9376,9556,9174,8918,9326,9005,9108,9129,8839,9641,9443,8925,9044,9457,9398,9002,9269,9088,9452,9116,9259,9381,9395,8591,8854,9052,9232,8966,9384,9170,9008,8835,9309,9015,9318,8522,9297,9427,9399,9345,8986,9155,9035,9013,8662,9368,9317,9324,9326,8994,9283,8679,9243,9196,9123,9215,9253,9325,9230,9183,8952,9360,9233,9385,9214,9048,9445,9009,8975,8375,9227,9316,9031,9254,8934,9193,8704,8633,9443,9441,9102,9456,8993,9240,9339,8982,9315,9017,9366,9263,9418,9403,9325,9387,8953,9423,9306,8705,9296,8955,9370,9015,9312,9303,9294,9433,8962,9336,9366,9333,9323,9351,9449,9095,9027,8922,9093,9243,9435,9145,9018,9011,9239,9355,8948,9089,9593,9164,9440,9108,9267,8867,8966,8933,9310,8711,9214,9287,8829,9269,9114,9475,9445,9327,9165,8272,9010,9268,9293,9381,9020,9348,9198,9225,8959,9430,9452,9363,9488,9300,9082,9122,9281,9391,9351,8551,9161,9500,8688,9245,9024,9515,9274,9469,8656,9416,9185.14
02:50 PM,410,9432,9254,9246,9254,9035,9216,9399,9355,9327,9215,9307,8383,9343,9167,9458,8796,8989,9484,9315,9333,9318,9292,9206,9180,9256,9086,9131,8987,9228,8653,9261,8905,8537,9534,9258,8782,9256,9283,9399,8865,9180,8986,9337,9082,9259,9314,9477,8675,8985,8930,9232,9036,9096,9445,8722,8741,9340,9110,9305,8443,8938,9203,9584,9353,8811,9030,8961,9140,9198,9243,9408,9080,9314,8916,9254,8754,9159,9095,8961,8894,9286,9002,9411,9189,8845,9370,9485,9300,9224,9205,9339,8893,9246,8255,9119,9369,9004,8887,8892,9044,8698,8446,9447,9348,9020,9151,9195,9333,9364,9015,9228,8940,9338,8877,9400,9038,8835,9435,9199,9127,9266,8985,9236,9217,9195,8857,9248,9345,9180,9536,9328,9354,9289,9242,9261,9281,9464,9360,9096,9147,9293,9360,9295,8920,9090,8875,9265,9359,8911,9084,9633,9180,9200,9269,9308,8796,8669,8968,9292,8546,9086,9210,8750,9302,8766,9640,8873,9399,9123,8597,8890,9345,9389,9435,8957,9201,9309,8902,8866,9197,9289,9331,9375,9265,9299,9199,9265,9246,9389,8599,9229,9478,8607,9256,9251,9108,9425,9243,8846,9269,9144.6
03:00 PM,420,9236,9255,9197,9386,9279,9228,9052,9258,9210,9358,9228,8696,9352,9199,9191,8797,8829,9219,9267,9146,9272,9337,9211,9040,9369,9009,9216,9254,9190,8466,9353,8738,8682,9048,9422,8872,8966,9252,9337,9081,9209,8878,9246,9218,9244,9394,9256,8776,9222,9217,9245,9058,8985,9303,8579,8806,9241,8963,9155,8495,8626,9145,9111,9357,8943,9138,9204,9003,9163,9250,9250,8982,9339,9174,9254,8840,9153,9210,8914,8925,9322,8892,9287,9247,9042,9341,9145,9348,9194,9281,9278,8849,9318,8477,9017,9228,8912,8784,8889,9240,8954,8928,9115,9254,9037,9117,9340,9325,9338,8846,9305,8835,9296,8916,9250,8980,8734,9231,9321,8989,9381,9003,8561,9315,9260,8787,9304,9364,8954,8947,9384,9233,9217,9249,9341,9242,9327,9283,8922,9326,9362,9326,9118,8989,9196,8838,9257,9227,8869,9251,9217,8938,9072,9347,9207,8942,8666,8870,9349,8618,9030,9250,8874,9330,8373,9200,8870,9324,9262,9002,9077,9449,9397,9337,8875,9052,9306,8751,8797,9251,9121,9465,9321,9065,9319,9380,9249,9126,9301,8559,8956,9147,8519,9264,9362,8831,9343,9219,9297,9299,9115.9
03:10 PM,430,9526,9232,9147,8875,9208,9242,8729,9057,9190,9279,8959,9006,9320,9220,9228,8916,9026,8889,9218,8924,9168,9268,9186,8967,9345,8998,9017,9203,9107,8674,9264,8618,9012,9069,9202,9141,8677,9205,9346,9129,9305,8977,9256,9226,9230,9128,8904,9188,9001,9170,9220,9075,8784,9181,8735,8988,9307,8596,9241,8773,8696,9053,9036,9244,9138,9184,9348,9088,8815,9064,8731,9112,9498,9302,9347,9082,9111,9574,8946,8957,9136,9005,9259,9215,9239,9245,8680,9191,9142,9210,9204,8773,9296,8585,8797,9121,9099,9042,9089,9273,8877,8833,9328,9233,9247,9275,9365,9239,9289,8775,9214,8845,9255,9191,9180,8667,8773,9293,9240,8913,9287,9246,8624,9394,9294,9143,9215,9155,9156,8582,9181,9300,9266,9308,9322,9306,9196,9388,8962,9058,9312,9281,8809,8885,9177,8639,9360,9381,8963,9042,8963,8949,8897,9139,9158,9057,9033,8896,9387,8850,9242,9170,8798,9369,8694,8810,9047,9184,9253,9256,9229,9313,9289,9229,8930,9133,9360,8887,8715,9417,9233,9150,9263,9087,9225,9254,9211,9379,9239,9019,8710,9051,8699,9288,9199,8962,9236,9303,9163,9279,9104.33
03:20 PM,440,9253,9212,9138,8193,9295,9182,8525,9006,9303,9248,8964,9074,9266,9243,9179,8860,9413,8830,9100,8749,8924,9221,9165,8841,9218,8884,8852,9009,9256,8801,9395,8466,8983,8932,8904,9222,8501,9246,9166,8896,9027,9003,9222,9178,9181,8904,8829,9290,8544,8803,9257,8796,8720,8869,9105,9070,9299,8532,9250,8770,8896,9184,9154,9270,9079,9146,9222,9107,8749,8859,8620,9190,9428,9215,9156,9166,9154,9306,9291,9227,8964,9123,9214,9227,9230,9293,8496,9162,9311,9194,9192,9032,9344,9066,8768,9107,9126,9011,9336,9274,8514,8849,8993,9191,9239,9281,9256,9150,9186,8862,9200,8760,9199,8658,9205,8211,8656,9248,9026,8919,9077,9350,8902,9128,8958,9315,9095,8883,8990,8586,9283,9083,9257,9171,9346,9094,9249,9070,8997,8851,9223,9286,8773,9034,9049,8571,9292,9331,8910,9070,8876,8843,8735,9095,9261,9198,9149,9172,9335,8940,9197,8910,9111,9140,8673,8639,9062,9327,9335,9080,9165,8984,9202,9210,9136,9134,9188,8835,8864,9235,9278,9243,9193,8932,9052,8946,9243,9265,9297,9454,8644,9081,8993,9308,9119,8765,9272,9232,8838,9299,9058.83
03:30 PM,450,8900,9144,9120,7963,9179,9009,8903,8822,9125,9273,9138,9182,9431,9222,9185,8926,9066,8886,8723,8861,8792,9360,9204,8828,9138,8674,8861,8934,9113,9088,9099,8896,9129,8749,8895,9201,8554,9283,9185,9035,8862,9209,9116,9115,9121,8912,8783,8913,8598,8569,9203,8756,8579,8857,9193,9030,9033,8399,8976,9039,9070,9228,9239,9158,9176,8902,9126,8950,8802,8725,8468,9249,8809,9195,8971,8984,9183,8866,9139,9232,8958,9142,9325,9025,9222,9299,8680,9189,9255,9127,9119,9056,8924,9204,8766,8881,9112,8532,9336,8962,8373,8895,9044,9131,9284,9207,9195,9172,9225,9056,9190,9059,9176,8392,9134,8387,8864,9171,8862,8977,9108,9177,9035,8858,9097,9156,9161,8811,9075,8714,9200,8799,9454,8943,9168,9174,8960,9070,8864,8725,9202,9157,8716,8911,8966,8643,9263,9223,8508,9134,8806,8832,8783,9139,9001,9217,9305,9136,9481,8971,9208,8755,9297,8679,8705,8574,8737,9195,9223,8803,9198,8845,9186,9185,9182,9400,9048,9167,8967,8864,9283,9221,9235,8901,8977,8788,9304,8914,9320,8927,8509,9268,9069,9075,9150,8502,9435,9296,8794,9190,9010.19
03:40 PM,460,8799,9160,8987,8159,9174,8949,9038,8668,9166,9229,9195,9220,9259,9113,9019,8959,8711,8968,8215,9140,8584,9042,9117,9231,9180,8663,8768,9058,9255,9219,8988,9184,9345,8713,9145,9057,8937,9080,9296,8692,8812,9115,9327,9082,9237,8647,8795,8667,8727,8576,9067,8698,8392,9104,9210,9220,8927,8560,8448,9172,9008,9149,9177,9017,9000,8363,9206,8838,8678,8891,8577,9190,8473,9180,8898,8919,9211,8837,8909,9113,9027,9160,9312,8980,9104,9269,8823,9128,9068,9304,9236,9312,8707,9134,8960,9036,9064,8659,9166,9013,8517,8640,8944,9113,9303,8701,9156,9138,9262,9038,9156,9276,9157,8647,8897,8656,8779,9238,8825,8893,8974,9167,9205,8832,9220,9214,9252,8736,9206,8992,9163,8746,9336,8816,8936,9173,8943,9184,8857,8855,9188,9256,8897,8690,9017,9041,9109,9169,8618,9029,8767,9131,8932,9314,8875,9017,9109,9029,9086,9220,9277,8728,9191,8509,8722,8546,8742,9070,9148,8668,9190,8811,9183,9122,9201,9378,8664,9051,9094,8804,9160,8864,9194,8913,8905,8890,9179,8822,9006,8552,8478,9082,9152,9092,9017,8560,9230,9235,8769,9183,8982.9
03:50 PM,470,8899,9150,9014,8568,9258,8818,9101,8997,9071,9122,9116,9174,8831,9124,8933,8836,8777,9015,8087,9163,8613,8901,9144,9036,9137,8627,8716,8865,9193,9262,8816,9050,9108,8801,9197,9351,9063,9217,9179,8240,8827,9156,9229,9185,8996,8670,8822,8975,8773,8610,9166,8777,8172,8944,9305,8813,9119,8951,8087,9074,9140,9176,9154,9135,8948,8042,8942,8733,8829,9097,8566,9229,8531,9465,9019,8933,9188,8854,9072,9120,9068,8958,9055,8691,9138,9161,9010,9227,9214,9060,9254,9168,8857,9123,9183,9272,9120,9163,9122,8563,8622,8992,8789,9128,8877,8395,8840,8939,9122,9013,9083,9237,9183,8730,8543,9068,8912,9167,9008,8688,8990,9180,8959,9038,9028,9181,9129,8692,9376,9132,9305,9035,8915,8983,8833,9154,8855,9104,8991,9014,9021,9179,9085,8433,9051,9050,9154,9094,8493,9055,8865,9284,9147,9078,9091,8853,9100,9061,8606,9209,9113,8664,9150,8466,8791,8929,8798,8933,9079,8663,9073,8816,9113,9209,9084,9047,8482,8809,9180,8800,9143,8613,9198,8798,8940,8961,9032,8810,8881,8410,8317,9123,9175,8852,9138,8801,9108,9109,8682,9099,8961.65
04:00 PM,480,9194,9106,9071,8730,9126,8603,9063,8977,9209,9204,9360,9175,8747,9059,8835,8823,9092,9098,8326,9080,8686,8967,9101,8795,8786,8822,8711,9090,9098,9156,8784,9211,9078,9072,9133,9144,9024,9142,8935,8557,8709,9093,8978,9201,8802,8882,9110,8681,8753,8788,9028,8849,8469,8874,9149,8587,9119,9155,8321,9005,9066,9027,9199,9213,9012,8100,9051,8762,9060,9163,8785,8984,8727,8999,8894,8816,9167,9115,9111,9087,9107,8701,8472,8572,9178,9152,9066,9187,9219,8805,9104,8875,8856,9148,9172,9048,9351,9228,9090,8356,8974,9129,8710,9061,9113,8749,8641,8867,9188,9074,9180,9096,8935,8780,8392,9086,9084,9175,9140,8593,9130,9219,8909,9007,8992,8825,8923,8717,9133,9159,9329,9195,8479,9129,9148,8977,8833,8918,8990,8914,9205,9125,9166,8696,8991,9121,9115,9115,8732,9177,9076,9092,9140,8952,9122,8757,9201,8898,8241,9219,9149,8570,9094,8541,8859,9119,8807,8769,8912,8658,9183,8927,9077,9136,9036,8849,8356,8664,9155,8910,9094,8478,9137,8889,8982,9069,8632,9023,8855,8652,8440,9096,9093,8355,9156,8933,9006,9090,8832,8936,8951.5
04:10 PM,490,9161,9116,9079,8512,9081,8635,8934,8794,8593,9152,8902,9064,8950,8910,8736,8824,9292,8964,8687,9265,8736,9007,9132,8641,8696,9038,8791,9107,9204,8836,9065,8993,9183,9257,9109,8735,9054,9038,8881,8776,9030,9102,8834,9252,9080,8855,9041,8693,8945,8866,8731,8812,8674,8762,8867,8517,9018,9048,8441,8849,8874,9002,9076,9158,9012,8355,8900,9026,8988,9128,9045,8814,8895,8685,8893,9082,9127,9134,9031,9079,9081,8942,8290,8694,9023,9024,9030,9062,8899,8694,9217,8773,8762,9116,9174,8824,9102,9193,9020,8420,9221,8866,8603,8929,8884,9134,8637,8916,8996,9121,9161,8779,9028,8893,8253,9070,9292,9076,8999,8690,9145,9684,9369,9108,8955,8727,8951,8903,8457,9066,8813,9313,8673,9050,9096,8934,8800,8772,9140,8642,9150,8979,9134,8841,8905,9090,9178,8979,8676,9294,9281,9037,9112,8877,9187,8765,9132,8753,8226,9276,9138,8728,8973,8844,9001,9071,8709,9053,8644,8796,8941,9006,9215,9154,9040,8875,8598,8978,9074,8929,9176,8385,8834,9226,9005,9060,8491,9097,9047,8769,8519,9098,9246,8313,9042,8877,9027,8864,9053,8789,8938.47
04:20 PM,500,9119,9221,9087,8459,9177,8758,8822,8721,8617,9073,8610,9258,8984,8975,8576,8964,9209,9049,8799,9151,9117,9111,9102,8604,8490,9042,8958,9257,9091,8792,9261,9022,9007,9123,9145,8566,9078,8943,8822,8845,9160,9110,8776,9024,9093,8938,9061,8679,9059,9006,8700,8812,8810,8768,8719,8577,8866,9215,8612,8981,9007,9006,9187,9142,9008,8768,8782,9215,9120,9208,9040,8812,8882,8659,9055,9010,9104,9025,8976,9013,9091,9009,8333,8612,9085,8908,9187,9111,8732,8703,9198,8602,8839,9224,9191,8786,8884,9119,9100,8644,9079,8542,8336,8844,8781,9060,8604,8975,9090,9127,9086,8409,9113,9132,8499,9050,9194,9090,8927,8865,9106,8881,9268,8977,8880,8850,8969,9112,8475,9150,8514,9012,8939,9066,8911,8814,9073,8696,9295,8882,8958,8939,9043,9056,9016,9217,9145,8862,8425,9170,9175,9047,9096,8791,9093,8838,9046,9106,8272,9204,9163,8598,8914,9050,8837,9133,8786,9084,8717,8934,8796,9148,9241,9021,9028,8999,8930,9250,9148,9000,9127,9009,8738,8836,9159,9282,8459,9074,9129,8949,8822,9194,9084,8448,9144,9127,9014,8915,8956,8947,8948.55
04:30 PM,510,9107,8893,9087,8331,9091,8728,9049,8658,8525,9179,8417,9057,8894,9098,8606,8992,8931,9080,9081,9032,9084,8996,9005,8667,8165,9090,9194,9042,8747,8666,8867,8849,8938,8824,9065,8765,9154,9080,9035,9087,8968,9095,8771,8829,9082,9065,9114,8671,9113,8710,8716,9070,9023,8751,8808,8313,8806,9163,8926,8976,9028,9081,8898,9259,9002,9133,8853,9369,9066,9203,8810,8818,8894,8280,9145,9121,9003,9112,8955,9062,9102,9095,8146,8697,9072,8827,8906,8993,8700,8583,9021,8634,8971,9015,9141,8884,8723,9154,8966,8789,8866,8397,8173,8699,8593,9003,8828,8768,8837,9134,9157,8297,9037,9082,8994,9029,8851,9066,9188,9040,9010,8405,8846,8970,8734,9004,8962,9160,8357,9123,8379,8829,9064,9036,8693,8729,8970,8604,9162,9042,8648,8783,8983,9350,9035,9099,9057,8934,8624,8772,9150,9105,9013,8653,9109,8850,8961,9165,8603,8980,9030,8586,8893,9065,8814,9103,8949,9043,8828,8979,8749,9282,9180,9067,9099,9173,9092,8973,9089,9011,8996,8814,8795,8699,9238,9013,8823,9226,9056,8838,8906,9087,8666,8519,9161,9147,9005,9001,9138,9112,8919.37
04:40 PM,520,9121,8848,9012,8634,9061,8860,9287,8643,8119,9058,8490,9077,8797,8933,8771,9036,8756,9039,9092,8990,9094,9167,9047,8835,8267,9126,8985,8760,8858,8825,8937,8903,8933,8675,9030,9060,8958,9042,9047,9091,8790,9057,8659,8968,8991,8920,9106,8777,8980,8756,8702,8715,9040,8702,8747,8150,8587,9090,8905,8987,9064,9027,8760,8946,8926,9140,8756,9268,8993,9136,8820,8481,8929,8209,9042,8997,9079,8931,8693,8998,8997,8889,8244,8496,8920,8989,8695,8721,8727,8553,8855,8826,9034,9066,9037,8721,8675,9028,8622,8903,8560,8419,8131,8815,8790,9056,8986,8502,8773,9058,9036,8350,8990,9110,9084,9156,8639,9296,9234,9006,8982,8470,8479,8999,8612,9070,8759,9096,8406,9052,8581,8680,9010,9019,8714,8626,8817,8723,8945,9081,8435,8701,8933,9077,9222,9105,9005,8983,8798,8670,9053,9112,9097,8783,9048,8612,9080,9065,8753,8795,9006,8865,8896,8995,8809,9021,9124,9227,8754,9035,8601,9149,9124,9051,9118,8967,9134,8403,8963,9009,8585,8296,9010,8599,8771,8647,8879,9275,9111,8668,8678,8989,8757,8791,9053,9119,9102,9145,8966,9050,8876.33
04:50 PM,530,9118,8913,9113,8961,9000,9054,9083,8702,8089,9004,8688,8979,8815,8798,9103,9053,8704,8944,9218,9070,9086,8988,8845,9037,8516,8918,9077,8857,8977,8634,9067,8912,9209,8661,9085,9040,9003,9209,9090,9039,8929,9142,8483,9067,8887,8762,9056,8665,9056,9121,8767,8528,9087,8961,8562,8346,8174,8867,8796,9033,9091,8962,8812,8521,9067,9146,9003,8580,9008,8941,8848,8226,8958,8543,9065,9057,8979,8865,8426,9036,9077,8739,8410,8550,8715,8829,8802,8669,8728,8747,8808,9021,8971,9138,9029,8952,8701,9090,8419,9030,8742,8650,8301,8762,8962,9071,9039,8610,8705,8905,8975,8854,9111,9046,8962,8974,8470,8922,8734,9016,8971,8559,8277,9054,8933,9010,8774,8829,8563,9068,8656,8591,8831,8924,8696,8482,8838,8986,9017,9132,8581,8842,8985,8552,8921,8980,8977,8983,8826,8647,9025,9133,8979,8934,9034,8611,8985,9009,8564,8686,9012,8780,8943,8923,8824,9045,9057,8833,8770,8987,8595,8984,9038,9080,9039,9107,9068,8377,8945,9102,8522,7997,9121,8686,8317,8648,8773,8990,9079,8566,8560,8940,8952,8840,8972,8797,9055,9032,8721,8820,8858.3
05:00 PM,540,8951,8782,9024,9098,8853,9045,8758,9150,8523,9032,8914,9005,9044,8741,9039,9030,8768,8984,8889,9002,9108,8845,8712,9146,8720,9021,9172,8970,9140,8728,8822,8909,9121,8492,9030,8952,9007,9127,8960,8994,9013,9021,8505,9180,8756,8394,8939,8771,9090,9145,8754,8357,8919,8991,8607,8578,8269,8763,8804,9005,9051,8820,8547,8287,9039,9082,8926,8121,8577,8726,8774,8365,9080,8945,9094,9064,9163,8741,8410,8887,9012,8558,8625,8729,8799,8762,9283,8765,8591,8821,8969,8896,9077,8976,8997,8961,8775,8987,8535,8835,9081,8722,8776,8996,9004,9072,9074,8791,8773,8758,8876,8916,9160,9022,9099,8809,8410,8510,8434,8935,8903,8709,8456,9088,9083,9059,8965,8525,9022,8916,8756,8825,8810,9077,8666,8379,8935,9003,8678,9155,9047,8733,8969,7792,8501,8921,8956,9034,8805,8739,9082,8964,8913,8999,9019,8574,8897,9011,8270,8994,8966,8664,8975,9173,8804,9032,9193,8585,8808,9160,8710,8883,9037,9022,8848,8931,9034,8505,8930,9119,8698,8180,8843,8701,8009,8645,8758,8650,9044,8715,8232,9118,8970,9024,8952,8361,8977,8978,8487,8852,8845.71
05:10 PM,550,8697,8701,8996,8896,8706,9038,8445,8764,8709,9061,9080,8773,8984,8765,9085,9014,8737,9028,8644,8937,9056,8755,8416,8927,8843,9082,9048,9042,8855,8726,8676,9070,8716,8612,9008,8984,8967,8910,8985,9174,8925,8989,8768,8907,8528,8576,9032,8824,8984,9024,8659,8384,9005,8991,8775,8784,8322,8815,8831,9037,8944,8695,8165,8446,8990,9021,8795,8127,8576,8381,8912,8766,9026,8989,9056,8877,8970,8684,8630,8805,8875,8800,8847,8671,8955,8624,8935,8708,8350,8541,9049,8702,9120,8757,9029,9069,8786,8923,8612,8646,9052,8834,9039,9112,9004,9011,9131,8901,8935,8677,9030,9227,8871,9028,9002,8792,8480,8454,8301,8949,8743,8898,8791,9080,8985,9076,9024,8595,9084,8964,8918,8552,8654,8863,8538,8191,8932,9126,8522,9095,8916,8701,8944,7414,8373,8651,8961,8987,8903,8708,8920,8929,8714,9071,9120,8560,8936,9012,8396,8905,8722,8626,8985,8933,8623,9070,8923,8500,8694,8834,8536,8617,9062,9198,8900,8934,8963,8547,9045,8847,8754,8382,8794,8743,8425,8552,8653,8735,8993,8705,8171,8875,9026,9059,8970,8509,8963,8820,8420,8791,8812.03
05:20 PM,560,8567,8798,8937,8679,8842,9002,8301,8483,8685,8975,9015,8568,8724,9003,9076,8928,8424,8942,8621,9131,8971,8936,8409,8861,9065,9096,8893,8866,8719,8746,8637,9052,8396,8714,8985,9032,8792,8641,8921,8934,8699,8976,9042,8768,8823,8893,9073,8799,8927,9055,8909,8443,9020,8977,8953,8948,8556,8948,8741,9218,8939,8763,7988,8600,8969,9067,8880,8400,8752,8395,9265,8930,9006,9054,9179,8607,8966,8938,8674,8526,8594,9064,9044,8800,8937,8718,8616,8744,8068,8540,9033,8632,8927,8566,9035,9000,9034,8932,8581,8445,8991,9165,9041,9129,9003,8980,9108,8979,9052,8786,9017,8906,8622,9001,8926,8853,8433,8323,8376,8831,8594,9039,8981,8666,8963,8932,8882,8730,8829,8968,8974,8318,8633,8579,8558,8084,8544,9020,8532,8822,8626,8576,9013,7702,8283,8560,8896,9030,9098,8810,8730,9030,8550,8992,9110,8830,8826,8940,8481,8858,8727,8615,8823,8702,8585,8923,8670,8640,8839,8966,8337,8186,8914,8943,8985,9080,8932,8451,9047,8617,8911,8576,8654,8565,8784,8784,8705,8614,9002,8660,8133,8749,8858,8946,9007,8812,9098,8727,8560,8489,8790.35
05:30 PM,570,8458,8662,8709,8583,8770,8983,8592,8525,8815,9048,8937,8604,8844,9074,8948,8899,8288,8699,8929,9049,8963,8828,8614,8568,9117,8995,8770,9047,8792,8707,8704,8997,8256,8661,8987,9181,8740,8364,9002,8998,8475,8908,9071,8737,8941,8749,9056,8819,9010,8856,9024,8976,9023,9052,9000,8981,8991,8821,8778,8854,9013,8662,8612,8639,8904,9016,8959,8764,8872,8477,9090,8946,9052,8874,9173,8392,9049,9006,8710,7992,8553,8942,9024,8931,8984,8712,8564,9106,8001,8927,8976,8658,8727,8668,8979,8943,9077,8929,8672,8488,8963,9135,8748,8936,8916,9052,9070,8711,9060,8851,8941,8819,8629,9036,9008,8793,8489,8337,8571,9003,8457,8943,8850,8385,8983,8779,8674,8876,8676,8965,8984,8465,8683,8523,8891,8291,8482,8954,8756,8387,8470,8641,8982,7900,8400,8526,9031,8925,9049,8932,8924,8964,8546,8928,8911,8946,8840,8929,8498,8962,9057,8724,8823,8669,8587,8755,8626,8955,9009,8909,8284,8181,8911,8625,8996,8893,8892,8790,8822,8729,8864,8596,8798,8324,8953,8627,8859,8625,8922,8830,8371,8666,8592,8975,8908,8982,8924,8731,8669,8596,8791.58
05:40 PM,580,8556,9055,8585,8602,8898,8961,8780,8688,8823,8901,8909,8504,8949,8975,8950,8952,8546,8658,9028,9136,8866,8491,8674,8448,8793,8953,8707,9030,8850,9076,8691,8939,8259,9034,8999,8963,8693,8217,8913,9123,8669,8926,9053,8770,8941,8542,8870,8988,8893,8695,8936,8879,9046,8870,8967,9135,9051,9009,8793,8452,9147,8744,9039,8824,8947,8947,8915,8769,8882,8680,8815,8897,9031,8549,8793,8074,8970,8985,8794,7833,8892,8928,8780,9021,8843,8657,8549,9047,7594,9093,8836,8578,8645,8663,8877,8935,8936,8973,8870,8615,9081,8732,8627,8922,8836,9124,8975,8757,8846,8869,8934,8735,8668,9257,8953,8710,8763,8446,8842,8929,8655,8689,8967,8176,8958,8865,8585,8913,8871,8733,9123,8961,8903,8552,8684,8799,8322,8988,8833,8273,8567,8852,8976,8176,8470,8829,8840,8897,8995,8980,8929,8781,8619,8980,8691,8966,8822,8980,8500,8811,9070,9010,8825,8530,8578,8434,8864,8967,8989,8699,8430,8267,8846,8910,8906,8928,8804,8637,8676,8745,8870,8896,8903,8336,8983,8715,8902,8707,8617,8789,8633,8591,8549,8982,8975,8908,8774,8707,8879,8547,8792.61
05:50 PM,590,8894,9035,8642,8855,9033,8894,8651,8850,8791,8591,8873,8805,9023,8750,9027,8930,8817,8515,8900,8904,8852,8418,8888,8486,8519,8579,8936,9073,8697,8966,8707,8904,8548,8948,8905,8897,8389,8517,8919,8989,8813,8993,9016,8860,8924,8578,8589,8909,8891,8718,8844,8875,8860,8648,8926,9060,8961,8974,8595,8430,8732,8665,8958,8825,8937,8961,8880,8582,8798,8604,8562,9109,9028,8255,8645,8263,8992,8880,8919,7992,9068,9038,8573,8980,8647,8549,8902,8951,7944,9227,8507,8553,8634,8710,8876,8715,9025,8879,8892,8823,8803,8726,8735,8688,8865,8854,8964,8770,8856,8932,8906,8439,8467,8780,8649,8870,8863,8734,8945,8968,8746,8569,8935,8449,8908,8721,8459,8846,9088,8741,8946,9058,8970,8498,8431,8820,8232,9039,8997,8132,8793,8889,8957,8552,8820,8608,8968,8897,8928,9042,9008,8860,8432,9038,8737,8855,8777,8823,8604,8682,8630,8892,8731,8439,8717,8384,8774,8951,8958,8910,8546,8549,8801,8932,8673,8972,8879,8701,8623,8824,8952,8989,8904,8548,8858,8902,8880,8814,8793,8675,8536,8547,8682,8957,8957,8791,8842,8748,8783,8718,8779.46
06:00 PM,600,8920,8875,8785,8857,8955,9037,8743,8706,8755,8561,8899,8962,8883,8720,8968,8963,8830,8368,8909,8672,8877,8480,8924,8580,8520,8450,8932,8956,8630,8778,8787,8660,8379,8694,9079,8954,8355,8921,8927,8869,8809,8748,9019,8873,8842,8527,8633,8886,8917,8551,8911,8954,8814,8810,8891,8883,9001,8884,8789,8453,8665,8829,8998,8937,8814,8823,9000,8697,8904,8816,8322,8693,8874,8544,8594,8489,8877,8985,8901,8587,8944,8930,8612,8986,8723,8145,8899,8998,8629,8711,8430,8421,8838,8964,8721,8499,9030,8888,8928,8981,8582,8572,8758,8549,8926,8651,8752,8961,8898,8991,8969,8251,8473,8642,8521,8782,8849,8785,9029,9005,8748,8472,8829,8616,8995,8783,8581,8782,8671,8729,8906,8953,8889,8704,8368,8912,8761,8840,8908,8043,8908,8964,8923,8758,8985,8273,8940,9102,8881,8876,8985,8736,8457,8887,8812,8958,8735,8729,8307,8561,8400,8655,8864,8603,8861,8312,8655,8917,9013,8937,8849,8534,8695,8897,8537,8788,8932,8825,8645,9082,8966,8916,8865,8848,8672,9054,9042,8968,8581,8809,8569,8530,8432,8892,8817,8827,8495,8927,8690,8834,8769.44
06:10 PM,610,8882,8420,9034,8565,8882,8796,8861,8642,8852,8816,8861,8908,8894,8677,8633,8860,8817,8567,8942,8656,9116,8545,8903,8769,8556,8368,8947,8893,8672,8824,8417,8766,8194,8476,8828,8852,8616,8934,8881,8942,8907,8943,8914,8798,8869,8721,8512,8849,8839,8725,8813,8643,9041,8946,8977,8636,9038,8917,8638,8283,8743,8821,8862,8687,8870,9008,8699,8906,8805,8865,8313,8285,8814,8930,8547,8876,8733,8848,8830,8832,8675,8741,8215,8849,8697,8600,8874,8754,8644,8280,8345,8255,8673,8956,8620,8492,8771,8855,9084,8726,8392,8751,8791,8536,8876,8487,8619,8715,8899,8962,8818,8487,8649,8525,8813,8769,8754,8954,8882,8999,8705,8378,8521,8742,9073,8830,8767,8668,8595,8345,8830,8878,9032,8959,8467,9027,8854,8496,8713,8351,8924,8844,8778,8888,9164,8130,8645,8844,8829,8960,8915,8895,8567,8868,8909,8770,8814,8618,8292,8653,8091,8659,8801,8892,8941,8586,8518,8709,8787,8776,8993,8333,8715,8892,8572,8979,9039,8892,8523,8845,8874,8979,8949,8998,8606,8744,8925,8839,8347,8853,8526,8487,8429,8886,8701,8944,8321,8924,8551,8872,8739.83
06:20 PM,620,8933,8469,9106,8522,8786,8602,8765,8535,8829,8881,8514,8932,8838,8403,8543,8953,8890,8589,8850,8436,8510,8463,8835,8900,8745,8230,8900,8865,8766,8527,8264,8533,8312,8484,8441,8872,8839,8956,8890,8845,8824,8881,8829,8744,8880,8780,8670,8879,8891,8933,8783,8517,8855,8965,8873,8527,8786,8877,8691,8397,8479,8897,8638,8476,8797,8737,8596,8988,8459,8749,8569,8076,8640,8817,8577,8921,8636,8872,8806,8727,8612,8816,8242,8735,8643,8874,8891,8615,8849,8265,8400,8662,8485,8873,8595,8654,8597,8810,8916,8552,8418,8772,8752,8493,8925,8338,8811,8548,9038,8903,8561,8902,8697,8448,8825,8742,8803,8997,8591,8830,8803,8428,8452,8787,8762,8766,8600,8886,8509,8232,8869,8768,8906,8816,8651,8897,8877,8385,8597,8325,8836,8981,8519,8846,8976,8123,8603,8551,8888,8901,8784,8863,8534,8892,8800,8793,8842,8657,8658,8787,8318,8948,8768,8741,8878,8802,8600,8752,8510,8708,8777,8537,8451,8893,8813,8833,8711,8631,8494,8684,8802,8958,8580,8907,8614,8525,8536,8741,8427,8688,8425,8667,8273,8867,8722,8804,8122,8849,8619,8717,8694.57
06:30 PM,630,8576,8643,8766,8363,8941,8401,8648,8655,8759,8799,8302,8727,8722,8371,8329,8702,9065,8716,8608,8325,7927,8743,8872,8884,8400,8154,8667,8906,8833,8227,8210,8443,8507,8444,8442,8414,8857,8883,8792,8832,8676,8867,8808,8797,8850,8891,8563,8860,8847,8700,8821,8479,8769,8820,8581,8604,8398,8799,8803,8374,8398,8768,8388,8332,8861,8503,8544,8931,8353,8467,8506,8247,8410,8664,8778,8585,8244,8761,8782,8847,8667,8878,8297,8710,8778,8931,8814,8647,8558,8529,8390,8655,8490,8723,8574,8988,8416,8802,8444,8448,8363,8748,8741,8649,8752,8472,8966,8433,8750,8773,8481,8854,8644,8521,8813,8825,8750,8786,8400,8558,8815,8661,8631,8903,8587,8818,8453,8915,8693,8170,8721,8791,8651,8845,8775,8918,8821,8391,8621,8549,8831,8623,8411,8783,8512,8036,8376,8079,8545,8808,8742,8586,8440,8818,8739,8725,8889,8538,8780,8654,8337,8858,8697,8657,8769,8921,8707,8824,8776,8666,8597,8556,8353,8875,8835,8640,8597,8493,8464,8757,8832,8420,8257,8563,8634,8410,8451,8794,8478,8364,8610,8232,7892,8844,8810,9221,7855,8738,8680,8670,8626.64
06:40 PM,640,8249,8552,8406,8475,8693,8406,8616,8870,8746,8760,8401,8769,8261,8636,8023,8275,8698,8716,8516,8419,7976,9034,8856,8829,8280,7819,8511,8866,8668,8183,8356,8577,8588,8553,8496,8196,8653,8641,8766,8684,8373,8646,8728,8719,8734,8675,8492,8956,8972,8561,8777,8465,8785,8683,8315,8592,8364,8800,8785,8262,8476,8728,8268,8229,8837,8706,8461,8664,8327,8325,8568,8380,8583,8542,8816,8727,8091,8798,8635,8875,8486,8800,8567,8380,8669,8798,8613,8791,8562,8610,8363,8777,8302,8779,8447,8967,8420,8748,8319,8252,8454,8662,8376,8684,8800,8335,8826,8496,8453,8787,8396,8846,8652,8763,8810,8731,8694,8542,8336,8468,8780,8474,8739,8855,8473,8308,8317,8775,8849,8229,8819,8760,8423,8633,8658,8727,8722,8273,8674,8830,8747,8422,8537,8780,8230,8394,8193,8380,8661,8740,8740,8329,8739,8608,8638,8674,8707,8544,8893,8533,8559,8781,8303,8420,8745,8574,8793,8751,8793,8824,8614,8530,8346,8610,8741,8440,8420,8494,8554,8637,8680,8324,8305,8388,8684,8365,8426,8745,8420,8174,8598,8037,8027,8724,8579,8652,7864,8808,8717,8562,8566.58
06:50 PM,650,8218,8607,7868,8608,8499,8420,8774,8765,8698,8629,8571,8642,8106,8856,7754,8285,8317,8518,8362,8639,8316,9002,8572,8558,8080,8013,8399,8717,8638,8249,8236,8307,8472,8616,8462,8092,8395,8448,8654,8567,8287,8607,8669,8771,8594,8568,8585,8649,8787,8410,8611,8593,8685,8697,8247,8732,8337,8763,8898,8139,8099,8600,8195,8290,8638,8595,8555,8618,8267,8207,8412,8425,8638,8502,8558,8951,8133,8706,8516,8712,8484,8723,8614,8262,8640,8677,8500,8740,8770,8511,8312,8420,8402,8600,8621,8651,8387,8490,8272,8321,8605,8624,8149,8748,8665,8347,8637,8452,8524,8572,8333,8646,8450,8705,8517,8651,8617,8437,8429,8460,8623,8363,8571,8752,8312,7998,8512,8526,8657,8114,8485,8623,8402,8358,8539,8697,8509,8411,8688,8536,8538,8299,8668,8681,8217,8717,8163,8529,8346,8679,8693,8265,8660,8656,8625,8588,8616,8588,8714,8523,8719,8699,8125,8481,8597,8265,8682,8618,8905,8665,8699,8597,8570,8566,8683,8635,8443,8661,8229,8594,8666,8523,8262,8303,8491,8299,8507,8798,8462,7908,8689,7952,8312,8596,8479,8227,7847,8664,8696,8613,8501.54
07:00 PM,660,8356,8523,7599,8610,8310,8563,8382,8463,8623,8623,8617,8617,8233,8718,7670,8348,8486,8612,8385,8634,8368,8201,8556,8238,8077,7901,8309,8738,8640,8180,8419,8194,8430,8596,8566,8062,8218,8292,8554,8362,8276,8563,8636,8471,8427,8527,8710,8183,8566,8191,8633,8534,8674,8623,8316,8683,8146,8632,8808,8140,7803,8559,8249,8460,8530,8368,8565,8594,8301,8258,8329,8683,8695,8490,8629,8482,8481,8548,8374,8445,8240,8582,8289,8310,8625,8509,8326,8596,8670,8372,8421,7781,8398,8647,8624,8110,8479,8215,8272,8541,8694,8647,8208,8578,8650,8153,8589,8525,8001,8354,8327,8585,8372,8415,8231,8577,8441,8155,8415,8516,8603,8237,8417,8687,8393,7845,8477,8143,8534,8532,8153,8472,7855,8337,8539,8849,8413,8530,8548,8420,8144,8510,8514,8251,8248,8710,8298,8551,8343,8447,8477,8219,8542,8535,8698,8283,8572,8472,8554,8442,8715,8566,8060,8394,8257,8117,8479,8616,8582,8743,8697,8553,8690,8683,8578,8661,8544,8581,8418,8580,8477,8436,8210,8406,8589,8265,8583,8563,8663,8063,8418,8282,8565,8566,8402,7854,7660,8475,8588,8547,8426.08
07:10 PM,670,8320,8516,7670,8669,8183,8282,7898,8248,8406,8476,8611,8589,8308,8624,7624,8498,8270,8453,8204,8518,8385,7688,8620,8257,8489,7753,8159,8655,8246,8183,8525,8010,8309,8490,8553,8063,8245,8221,8483,8552,8279,8454,8515,8366,8373,8481,8526,7783,8230,8091,8415,8507,8397,8450,8150,8673,7959,8613,8535,8207,7803,8482,8228,8449,8451,8350,8532,8484,8353,8300,8066,8433,8336,8258,8617,8201,8546,8283,8277,8273,8358,8528,8091,7888,8420,8479,8292,8500,8342,8150,8253,7483,8390,8540,8547,7811,8532,7829,8469,8456,8581,8577,8018,8523,8625,8195,8610,8541,7840,8316,8244,8577,8294,8098,8194,8366,8526,7956,8195,8535,8609,8066,8397,8572,8469,7765,8215,7962,8526,8646,8041,8499,7488,8248,8445,8554,8272,8506,8541,8156,8178,8548,8123,7822,8207,8627,8030,8547,8243,8441,8091,8310,8448,8350,8560,8006,8512,8360,8373,8494,8496,8544,8237,8344,8040,8125,8055,8464,8142,8570,8517,8508,8385,8621,8473,8548,8414,8647,8473,8569,8363,8239,8207,8460,8690,8562,8503,8556,8466,8384,8308,8194,8642,8513,8547,7598,7735,8574,8462,8432,8330.01
07:20 PM,680,8300,8350,7824,8358,8264,8143,7504,8259,8344,8016,8495,8508,8478,8716,7657,8428,8339,8420,8109,7996,8342,7153,8260,8330,8297,7561,8283,8447,8193,8412,8260,7710,8110,8340,8388,8211,8191,8191,8254,8480,8307,8363,8363,8418,8513,8157,8471,7687,8082,8009,8425,8458,8415,8250,7788,8489,7978,8535,8216,8201,7908,8381,8196,8405,8199,8137,8391,8376,8495,8371,8078,8350,8025,8092,8497,8060,8576,8267,8170,7988,8446,8300,8468,7617,8300,8286,7985,8378,7951,8043,8252,7491,8469,8357,8379,7828,8571,7545,8342,8180,8286,8334,7968,8418,8499,8143,8638,8566,7975,8487,8223,8475,8207,7916,8087,8377,8364,7901,8119,8350,8424,7959,8540,8375,7898,7878,7829,7863,8318,8417,7944,8174,7689,8205,8423,8152,8241,8410,8437,7817,8150,8522,8071,7916,8558,8632,7985,8379,8191,8364,7784,8393,8440,8471,8398,7971,8372,8267,7964,8319,8441,8380,8158,8236,8228,8140,7889,8345,8036,8242,8513,8320,8217,8213,8460,8446,8352,8491,8416,8493,8301,8349,8300,8272,7968,8250,8441,8327,8470,8668,8478,8236,8449,8404,8463,7820,8050,8313,8452,8311,8235.03
07:30 PM,690,8242,8332,7743,8129,8388,7949,7599,7910,8309,7729,8276,8172,8235,8462,7948,8272,8345,8253,8107,7741,8259,6841,7781,8403,7797,7877,8226,8256,8292,8238,8218,7782,8130,8007,8178,8448,8175,8161,7778,8308,8272,8311,8252,8249,8445,8089,8557,7610,7849,7987,8202,8458,8357,8209,7840,8400,7806,8196,8019,8202,7835,8256,8122,8405,7857,7794,8233,8053,8297,8305,8067,8102,8075,7954,8517,8116,8395,8049,8250,7929,8451,8178,8307,7502,8143,8273,7709,8315,7941,7869,8348,7576,8335,8260,8242,7843,8390,7945,8336,8350,8177,8246,8157,8168,8331,7881,8041,8381,7886,8457,8284,8026,8262,8007,7754,8429,8195,8011,8086,8139,8217,7994,8402,7946,7621,7987,7803,8226,8220,8004,7942,8013,7999,7944,8423,7958,8303,8307,8198,7702,7941,8283,8029,8167,8329,8077,7989,8362,8223,8141,7869,8467,8270,8266,8249,7713,8311,8215,7638,7927,8191,8186,8102,8186,8262,8168,7715,8232,7900,7822,8413,8232,8224,7817,8270,8163,8232,8259,8205,8286,8096,8361,8273,8005,7611,8141,8024,8398,8233,8401,8243,8074,8257,8298,8214,7868,7706,8226,8283,8369,8120.35
07:40 PM,700,8135,8185,7819,7904,8047,8095,7765,7672,8037,7673,8152,7784,8072,8017,8080,8043,8102,7984,8068,7431,8080,7328,7712,8175,7935,8322,7928,8139,8142,8121,8219,7799,7978,7916,8013,8253,8172,8258,7888,8127,8116,7999,8160,8197,8185,7909,8149,7804,7823,8064,7857,7962,8077,8083,7670,8241,7735,7921,7925,8195,8001,8146,8054,8072,7628,7857,8222,7571,8140,8150,7972,7687,8040,8071,8162,7853,8213,8092,8025,8201,8201,8015,8169,7475,7758,8148,7784,8048,7816,7910,7943,7519,8089,8083,8073,7872,8096,7790,7939,7987,8162,8077,7914,8005,8101,8028,7847,8103,7838,8405,8048,7745,7949,8064,7587,7978,8049,8125,7874,7750,8126,7856,8148,7718,7524,8179,8265,8226,8054,7733,8023,7626,7922,8076,8025,7842,8168,8124,8066,7648,7623,7996,8010,7901,8166,7780,8007,8196,8145,8025,7862,8341,8128,8121,7955,7637,7997,8236,7559,7608,8072,8052,7579,7986,8138,8131,7810,8053,7917,7408,8279,8124,8155,7563,8193,7758,8076,7629,8017,8087,8008,8264,8196,7920,7441,7903,7960,8158,8051,8009,7977,7777,8131,8059,8156,7916,7441,8064,8134,8005,7977.01
07:50 PM,710,8079,8108,8060,7890,7669,8065,7985,7752,7781,7549,8002,7573,7903,8040,7889,7702,8101,7861,7940,7426,8032,8001,7679,7933,7696,8178,7847,7915,8173,7985,7981,7933,7782,7668,8000,7671,7936,7753,7878,7750,7809,7958,8015,7975,7917,7728,7734,7983,7996,7974,7693,7793,7759,7997,7544,7981,7790,7802,7661,7923,7903,7992,7860,7910,7594,7882,7909,7327,8012,8013,7907,7294,7856,8083,7815,7795,8120,8086,7767,8075,7849,7932,8137,7836,7733,7906,7700,7778,7694,7999,7802,7765,8006,7873,8009,7976,7882,7859,8000,7446,7869,7803,7840,7967,8012,7937,7635,7884,8144,7587,7967,7605,7744,7877,7898,7616,7961,7890,7642,7791,8065,7964,8183,7401,7486,7947,8108,8064,7861,7706,7916,7653,7725,8104,7731,7927,7929,7930,8003,7906,7457,7777,7816,7725,7974,7762,7825,8014,8076,8010,7866,7890,7993,7888,7848,7578,8015,8012,7527,7284,7912,7952,7256,7569,8028,8053,7712,7948,7765,7660,7997,7824,8044,7501,7985,7838,7920,7326,7764,8013,7861,8007,7938,7846,7641,7784,7700,7746,7700,7701,8003,7598,7972,7921,7937,7870,7231,7901,7972,7679,7846.35
08:00 PM,720,7777,7801,7681,7657,7468,7829,7646,7718,7441,7589,7878,7622,7767,7565,7690,7612,7679,7682,7704,7590,7747,7589,7704,7844,7507,7606,7647,7532,7603,7890,7780,7936,7610,7705,7814,7240,7749,7437,7666,7553,7706,7643,7933,7715,7628,7790,7926,7855,7918,7876,7583,7610,7663,7808,7692,7671,7712,7623,7412,7856,7734,7777,7656,7800,7290,7682,7876,7232,7759,7762,7805,7234,7772,7899,7647,7855,7708,7857,7560,7906,7617,7679,7887,7636,7833,7829,7677,7603,7604,7728,7507,7745,7824,7741,7860,7734,7510,7595,7821,7195,7989,7405,7824,7691,7809,7899,7514,7760,7637,7469,7693,7362,7799,7913,7796,7464,7815,7786,7688,7602,7820,7759,7739,7179,7671,7607,7872,7917,7740,7832,7615,7696,7602,7903,7548,7879,7751,7693,7792,7833,7187,7725,7752,7718,7837,8087,7562,7757,7683,7706,7730,7664,7775,7655,7600,7367,7735,7762,7581,7184,7807,7771,7049,7388,7799,7695,7575,7810,7680,7442,7923,7818,7874,7451,7705,7746,7751,7193,7573,7667,7685,7567,7732,7860,7309,7470,7614,7314,7591,7428,7799,7282,7836,7709,7737,7709,7459,7687,7848,7735,7675.65
08:10 PM,730,7533,7440,7262,7424,7315,7590,7547,7156,7286,7439,7470,7346,7486,7284,7655,7315,7426,7510,7459,7531,7474,6806,7527,7545,7168,7321,7237,7342,7003,7616,7607,7656,7404,7636,7526,7148,7526,7125,7430,7305,7678,7285,7508,7398,7434,7787,7401,7601,7507,7649,7397,7371,7444,7605,7684,7415,7545,7441,7316,7732,7564,7539,7496,7605,7468,7596,7516,7075,7524,7410,7528,7243,7562,7699,7451,7564,7388,7584,7353,7747,7223,7417,7614,7578,7720,7674,7391,7418,7452,7512,7466,7426,7410,7497,7693,7474,7077,7289,7558,6760,7551,7173,7662,7473,7436,7648,7586,7588,7046,7309,7521,7457,7701,7681,7382,7261,7638,7584,7278,7301,7579,7592,7406,6978,7628,7320,7629,7738,7499,7620,7372,7442,7384,7561,7402,7465,7373,7489,7757,7519,7180,7513,7554,7619,7574,7404,7377,7437,7528,7601,7603,7223,7468,7374,7407,7212,7569,7505,7493,7104,7654,7418,6791,7384,7558,7541,7436,7547,7570,7282,7805,7612,7542,7434,7553,7545,7613,6978,7048,7321,7468,7481,7569,7628,7418,7422,7321,7152,7331,7309,7752,7013,7623,7282,7637,7343,7297,7498,7602,7487,7448.37
08:20 PM,740,7210,7243,7010,7179,7229,7144,7360,6849,7255,7217,7311,6921,7253,6881,7310,7278,7363,7247,7459,7178,7302,6704,7109,7263,6850,7180,7052,7120,7088,7061,7407,7340,7233,7363,7292,7216,7274,7061,7266,7186,7361,7168,6976,7344,7197,7340,6682,7397,7284,7519,7178,7060,7210,7202,7281,7557,7188,7146,7422,7295,7379,7376,7304,7194,7386,7405,7305,7124,7363,7255,7279,6954,7433,7502,7229,7062,7006,7362,6998,7413,7054,7140,7173,7365,7338,7337,7376,7060,7223,7283,7302,7278,7073,7274,7313,7324,7009,7065,7344,6469,7182,6927,7341,7275,7246,7383,7410,7294,6553,7061,7284,7243,7379,7360,7431,6972,7335,7374,6967,7321,7235,7136,7079,7060,7303,7172,7383,7410,7145,7254,6992,7082,7273,7169,7057,7212,6931,7330,7480,7384,7341,7287,7331,7290,7193,7265,7181,7072,7300,7314,7411,7155,7228,7236,7422,7089,7330,7275,7273,7145,7456,7267,6851,7020,7322,7303,7345,7266,7150,7210,7262,7458,7304,7062,7428,7419,7288,6954,6947,7132,7170,7239,7358,7343,7240,7299,7121,6876,7135,7382,7334,6886,7451,6924,7357,7176,7085,7285,7104,7336,7216.54
08:30 PM,750,7028,6974,6677,6899,6852,6884,7138,6635,7026,7035,7060,7027,6974,6782,6923,7179,7080,6979,7108,6876,6972,6444,6925,7142,6487,6937,6909,6899,6729,6918,7061,7102,7044,7125,7053,7035,6998,6762,7061,7018,6970,6806,6795,7113,7055,7093,6711,7013,6801,6977,6754,6688,6838,6969,7160,7140,6836,6908,7282,6841,7011,7036,7101,6773,7088,6885,7229,7252,7030,6970,7108,6683,6979,7098,7038,6669,6827,6955,6829,7011,7170,6996,6898,7018,6931,7055,7001,6658,7051,7064,6894,7021,6818,6984,6804,6887,6516,6917,6881,6350,6950,6646,6835,6906,6965,7199,7083,7001,6190,6650,7125,6706,6993,7109,7032,6898,7071,7182,6863,7042,7028,6991,6718,6881,7128,6990,7073,6911,6807,6950,6792,6905,6921,6737,6850,7058,6731,6987,7006,7015,7138,6997,7075,7069,6994,7006,7026,6864,6807,7054,6972,7060,6781,7080,7089,6925,6991,7032,7141,6690,7043,6988,6987,6764,7011,7066,7211,7030,6860,7100,6930,7076,6999,7112,7066,7053,7056,6934,6672,7044,7024,6839,7083,7033,7047,7042,7159,6980,7112,7257,7031,6941,7215,6707,7192,7033,7336,6968,6714,7041,6957.32
08:40 PM,760,6742,6785,6538,6754,6605,6618,6811,6468,6815,6650,6752,6758,6708,6699,6758,6750,6644,6561,6581,6538,6693,6295,6710,6702,6306,6816,6762,6563,6342,6687,6585,6725,6839,6749,6629,6749,6595,6660,6648,6788,6707,6579,6552,6679,6787,6777,6460,6791,6403,6592,6422,6440,6726,6571,6746,6771,6865,6656,6847,6529,6566,6729,6607,6523,6665,6352,6663,6970,6596,6642,6775,6554,6768,6646,6754,6355,6714,6625,6708,6528,6791,6666,6761,6614,6655,6731,6677,6391,6741,6769,6559,6612,6752,6628,6568,6425,6503,6719,6671,6280,6803,6730,6550,6787,6832,6899,6745,6655,6097,6378,6626,6508,6682,6898,6613,6592,6743,6803,6613,6752,6776,6573,6468,6652,6816,6656,6772,6520,6509,6757,6375,6741,6621,6436,6466,6928,6350,6724,6676,6745,6641,6645,6861,6625,6649,6497,6836,6619,6579,6786,6807,6850,6397,6667,6728,6782,6691,6652,7006,6528,6682,6672,6816,6839,6719,6689,6762,6659,6539,6685,6737,6657,6819,6725,6611,6772,6634,6820,6487,6812,6711,6668,6868,6813,6643,6752,6746,6865,6647,6689,6770,6709,6871,6379,6712,6618,6922,6941,6497,6733,6664.67
08:50 PM,770,6495,6472,6296,6329,6224,6494,6300,6395,6531,6371,6423,6346,6387,6530,6443,6399,6369,6270,6196,6154,6410,6283,6333,6366,6350,6434,6551,6313,6094,6472,6353,6384,6390,6373,6203,6381,6426,6493,6314,6405,6383,6114,6220,6395,6410,6377,6142,6469,6383,6261,6125,6129,6275,6254,6508,6319,6344,6385,6534,6208,6218,6384,6349,6322,6236,6236,6330,6483,6324,6352,6341,6445,6407,6250,6301,6260,6461,6286,6296,6056,6330,6267,6467,6372,6299,6397,6237,6222,6442,6426,6396,6297,6495,6331,6261,6246,6164,6350,6212,6149,6488,6348,6176,6345,6499,6613,6299,6283,6066,6269,6354,6276,6369,6482,6160,6398,6306,6344,6146,6485,6445,6395,6250,6658,6512,6435,6426,6311,6280,6243,6127,6374,6289,6125,6268,6323,6185,6423,6546,6268,6191,6293,6324,6120,6365,6244,6521,6366,6288,6445,6469,6561,6390,6205,6243,6374,6375,6441,6289,6363,6371,6444,6301,6496,6380,6379,6499,6334,6260,6396,6542,6272,6408,6193,6177,6389,6327,6548,6331,6512,6342,6315,6339,6404,6410,6389,6272,6518,6368,6214,6353,6387,6617,6031,6456,6111,6271,6621,6103,6404,6343.12
09:00 PM,780,6160,6041,5913,6041,5938,6208,6063,6032,6008,5905,6113,6036,6101,6098,6111,5937,6015,5985,5875,6015,6050,5846,6014,6155,6253,6085,6300,5841,6034,6117,6173,5933,6085,6063,5990,5952,5887,6140,5985,6115,6196,5980,6067,6175,6044,6086,6032,6184,6111,5966,6028,5941,5968,5887,6059,5918,5933,6280,6260,5881,6047,6001,5909,6020,6060,5838,6009,6165,6062,6026,6176,6050,5983,6177,5972,5945,5865,6218,6133,5694,5904,5892,6124,5972,5966,6092,6097,6003,6049,6147,6155,5901,6060,6133,6032,5927,5702,5962,5854,5853,5875,5959,5946,6017,6048,6238,5810,6001,5673,6081,6199,6009,6037,5933,5704,6159,6021,5955,5986,6065,6142,6026,5929,6502,6091,6079,6118,6061,5916,5875,5844,6084,5883,5743,5988,6026,5841,6075,6179,6079,5795,6079,6023,5839,6122,6072,6185,5953,6058,6088,6054,6030,6043,5848,5996,5956,6066,6032,6072,6019,6060,6221,5999,6055,6138,6065,6090,5930,6101,6139,6344,5967,6221,6055,5773,6031,6099,6203,5874,6284,6034,5966,6000,6065,5978,5986,5832,5964,6134,6003,6094,6114,6199,6047,6121,5743,6029,5979,5951,5838,6025.19
09:10 PM,790,5738,5693,5627,5636,5655,5857,5627,5776,5649,5510,5782,5673,5725,5826,5828,5634,5560,5526,5664,5779,5575,5401,5581,5747,5808,5714,5952,5689,5705,5724,5737,5702,5753,5830,5619,5708,5527,5816,5657,5760,5757,5844,5691,5720,5752,5723,5739,5677,5675,5672,5622,5717,5708,5663,5664,5640,5561,5850,5711,5682,5733,5685,5627,5690,5685,5585,5760,5814,5752,5749,5892,5741,5531,5986,5644,5754,5487,5848,5745,5484,5566,5527,5805,5750,5668,5770,5822,5658,5711,5640,5770,5518,5782,5615,5832,5624,5363,5508,5694,5731,5685,5575,5532,5476,5903,5763,5544,5769,5474,5647,6003,5742,5817,5668,5453,5550,5610,5545,5522,5747,5744,5744,5669,5807,5751,5622,5819,5833,5806,5515,5670,5817,5714,5718,5679,5480,5664,5747,5756,5752,5504,5749,5773,5519,5609,5766,5731,5749,5713,5800,5879,5599,5832,5628,5605,5558,5808,5779,5767,5654,5629,5744,5662,5746,5703,5696,5751,5702,5760,5630,5944,5652,5737,5817,5559,5678,5755,5976,5620,5762,5657,5715,5783,5650,5564,5678,5553,5575,5753,5531,5689,5681,5756,5621,5972,5352,5744,5505,5549,5483,5690.36
09:20 PM,800,5373,5311,5286,5415,5284,5579,5425,5433,5082,5201,5352,5402,5457,5588,5525,5118,5194,5296,5341,5404,5237,5226,5353,5409,5567,5327,5491,5268,5252,5454,5358,5439,5379,5402,5423,5367,5374,5500,5346,5371,5359,5450,5367,5249,5529,5484,5375,5309,5448,5421,5345,5371,5357,5385,5147,5484,5230,5488,5218,5415,5464,5315,5381,5335,5388,5284,5349,5446,5375,5404,5349,5432,5359,5390,5375,5450,5057,5564,5445,5423,5130,5313,5428,5365,5411,5368,5466,5376,5391,5294,5481,5319,5433,5332,5424,5414,5212,5236,5303,5387,5457,5231,5454,5455,5407,5600,5265,5439,5396,5242,5634,5342,5229,5167,5200,5194,5237,5331,5292,5471,5267,5386,5356,5381,5401,5280,5495,5610,5436,5153,5395,5414,5394,5392,5342,5200,5460,5458,5340,5397,5128,5442,5323,5161,5452,5283,5407,5450,5430,5495,5469,5315,5367,5310,5274,5289,5489,5426,5401,5165,5375,5377,5425,5369,5378,5376,5429,5336,5371,5297,5493,5443,5425,5409,5136,5550,5391,5472,5371,5583,5357,5380,5416,5393,5171,5383,5303,5240,5377,5094,5278,5325,5414,5177,5525,5139,5461,5083,5225,5221,5361.76
09:30 PM,810,4890,4980,4997,5115,4888,5244,5163,5134,4548,4855,5101,5169,5123,5193,5194,4806,4970,4920,5033,4953,4886,5186,5012,5031,5121,5110,5079,4994,5019,5177,5032,5025,5070,4972,5075,5045,5152,5144,4976,4994,4909,5106,5021,4911,5191,5079,4948,4938,4929,5011,4883,4884,4963,5030,4881,5257,4808,5120,4877,5080,5126,5005,5077,5088,5001,4996,5002,5169,5104,5011,4992,5057,5075,4939,5047,5150,4866,4904,5126,5165,4863,4961,4911,5059,5034,5059,5177,4913,5006,5032,5122,5027,5025,5008,5138,5130,4809,4890,4994,5065,5091,4927,5083,5091,5083,5163,5053,5014,5286,4982,5208,5173,4895,4864,4997,4830,5021,5190,5039,5040,5054,5090,4984,5109,5046,5065,5185,5252,4940,5020,5210,5163,4904,5032,5009,4964,5178,5111,5058,5089,5050,5066,5056,5009,5051,5021,4957,5146,5071,5060,5126,5094,5011,5028,4902,4923,5107,5096,5188,4941,5022,4895,5025,5032,5162,5054,5077,5073,4931,5040,5089,5198,5065,5071,4932,5294,5101,5142,4981,5090,5048,5087,5048,5025,4960,4940,5040,4844,5031,4908,5005,5082,5005,4955,5033,4795,5216,4708,4983,4967,5033.38
09:40 PM,820,4526,4720,4682,4763,4675,4757,4737,4883,4339,4500,4795,4803,4726,4782,4842,4537,4736,4709,4681,4713,4710,4656,4758,4666,4832,4808,4747,4665,4635,4768,4675,4700,4684,4648,4732,4670,4720,4744,4633,4764,4571,4662,4790,4639,4772,4705,4583,4717,4749,4675,4583,4478,4777,4787,4549,4773,4552,4756,4680,4726,4707,4665,4671,4702,4730,4686,4741,4840,4755,4757,4674,4746,4687,4484,4869,4741,4569,4570,4758,4998,4750,4654,4647,4754,4687,4755,4714,4750,4732,4650,4781,4816,4595,4573,4806,4756,4534,4671,4691,4708,4728,4574,4689,4674,4654,4725,4705,4742,4939,4713,4886,4692,4644,4722,4587,4644,4638,4892,4699,4701,4622,4682,4589,4594,4702,4779,4772,4907,4686,4782,4845,4883,4495,4788,4759,4687,4676,4834,4627,4732,4762,4719,4790,4690,4701,4727,4713,4772,4664,4728,4736,4693,4871,4751,4685,4695,4812,4732,4953,4571,4749,4479,4695,5086,4784,4686,4840,4660,4709,4741,4825,4746,4763,4691,4703,4781,4681,4745,4621,4833,4690,4680,4736,4662,4884,4630,4696,4619,4634,4568,4584,4725,4753,4634,4776,4551,4712,4546,4555,4625,4707.76
09:50 PM,830,4182,4425,4394,4465,4381,4440,4324,4466,4105,4043,4554,4495,4414,4441,4427,4267,4295,4489,4392,4671,4397,4470,4422,4422,4460,4444,4387,4271,4360,4438,4421,4267,4387,4412,4314,4337,4500,4475,4412,4379,4322,4236,4374,4400,4367,4420,4227,4528,4515,4341,4305,4110,4484,4456,4245,4426,4232,4351,4487,4430,4496,4320,4346,4418,4332,4347,4426,4571,4437,4452,4241,4513,4393,4196,4529,4462,4260,4211,4450,4609,4404,4258,4316,4397,4346,4443,4580,4364,4422,4321,4386,4411,4406,4286,4339,4347,4314,4359,4378,4339,4352,4378,4408,4399,4383,4414,4531,4482,4344,4366,4486,4408,4331,4451,4393,4308,4396,4547,4421,4414,4103,4391,4388,4227,4463,4475,4445,4518,4338,4434,4460,4405,4219,4440,4421,4226,4513,4444,4536,4469,4508,4466,4445,4335,4402,4442,4459,4451,4326,4454,4447,4485,4546,4396,4401,4409,4389,4404,4505,4411,4297,4359,4322,4554,4477,4437,4530,4409,4406,4431,4565,4376,4431,4379,4484,4496,4313,4474,4209,4535,4331,4309,4429,4380,4469,4257,4506,4313,4305,4282,4201,4411,4546,4221,4470,4294,4462,4268,4373,4332,4393.89
10:00 PM,840,3938,4148,4111,4174,4127,4030,4094,4138,3971,3878,4171,4044,4111,4139,4139,4084,3967,4137,4091,4229,3995,4085,4175,4095,4121,4165,4144,4047,4101,4104,4049,4062,4160,4041,3892,4104,4169,4160,4014,4165,4204,3909,4077,4161,4102,4171,4075,4173,4278,3984,3923,3887,4123,4131,4010,4089,4001,4145,4144,4058,4234,4046,4073,4097,4109,4137,4178,4210,4031,4217,4104,4138,4097,3812,4118,4185,4070,3971,4159,4137,4247,4063,4122,4090,4079,4091,4283,4110,4042,3988,4201,3995,4223,3964,4054,4000,4044,4059,4086,4176,4174,4097,4126,4185,4106,4132,4232,4176,4006,4116,4191,4125,4104,4047,4098,4173,4140,4148,4135,4112,3799,4130,4181,4000,4037,4141,4027,4118,4042,4141,4057,4085,3906,4088,4089,3945,4164,4113,4103,4168,4174,4122,4086,3970,4038,4181,4109,4165,4051,4109,4153,4200,4058,3998,4049,4040,4115,4247,4151,4182,4071,4080,4053,4057,4163,4151,4230,4056,4074,4086,4369,4081,4085,4125,4108,4129,4068,4203,3926,4182,4085,3895,4152,4110,4131,3967,4110,4093,4002,4030,3928,4042,4156,4096,4073,3945,4205,4216,4006,4042,4094.95
10:10 PM,850,3859,3824,3764,3835,3868,3710,3761,3711,3757,3736,3870,3833,3856,3810,3833,3926,3708,3899,3685,3790,3676,3878,3916,3850,3888,3923,3804,3657,3794,3890,3795,3730,3825,3804,3563,3744,3825,3848,3839,3792,3885,3784,3794,3875,4006,3829,3925,3915,3888,3597,3659,3593,3767,3918,3842,3886,3717,3812,3814,3714,3755,3814,3823,3745,3792,3775,3864,3813,3775,3876,3714,3840,3760,3713,3959,3833,3745,3763,3890,3842,3843,3798,3806,3809,3731,3815,3936,3863,3744,3782,3799,3749,3900,3700,3817,3703,3692,3835,3828,3893,3949,3708,3860,3857,3817,3968,3978,3842,3714,3830,3998,3879,3791,3826,3819,3849,3858,3772,3757,3771,3482,3840,3838,3924,3795,3806,3784,3842,3849,3833,3718,3693,3576,3823,3850,3817,3792,3772,3833,3896,3873,3782,3768,3578,3879,3795,3738,3827,3852,3896,3829,3870,3832,3780,3901,3780,3837,3848,3670,3857,3797,3946,3814,3725,3906,3754,3939,3810,3937,3808,3959,3800,3768,3850,3750,3824,3725,3923,3779,3789,3748,3729,3838,3790,3634,3750,3849,3762,3617,3800,3760,3789,3813,3876,3912,3674,3842,4012,3777,3725,3807.64
10:20 PM,860,3690,3557,3505,3630,3498,3537,3579,3280,3467,3600,3547,3595,3552,3627,3556,3616,3476,3588,3446,3450,3434,3462,3543,3452,3474,3613,3514,3453,3456,3558,3507,3469,3611,3571,3338,3348,3515,3441,3524,3508,3642,3475,3438,3501,3663,3533,3654,3550,3638,3355,3391,3421,3338,3603,3674,3571,3526,3607,3448,3416,3536,3525,3561,3461,3414,3486,3492,3523,3456,3499,3504,3625,3374,3511,3678,3392,3452,3495,3541,3500,3523,3380,3528,3519,3487,3597,3550,3586,3537,3529,3435,3542,3508,3440,3520,3346,3382,3561,3546,3490,3619,3505,3597,3415,3487,3533,3592,3543,3544,3451,3565,3533,3482,3515,3481,3535,3521,3464,3445,3538,3466,3496,3690,3615,3549,3404,3578,3461,3456,3490,3597,3369,3455,3624,3533,3508,3625,3484,3547,3517,3536,3431,3592,3369,3511,3558,3440,3559,3475,3590,3582,3619,3584,3485,3565,3490,3580,3676,3425,3615,3478,3591,3522,3458,3504,3508,3674,3557,3701,3421,3514,3465,3553,3550,3351,3503,3417,3623,3551,3510,3483,3419,3581,3481,3308,3430,3609,3487,3438,3423,3503,3505,3586,3504,3542,3399,3584,3564,3459,3364,3513.47
10:30 PM,870,3349,3300,3067,3195,3151,3244,3384,3094,3252,3292,3232,3258,3201,3349,3250,3277,3235,3202,3321,3136,3148,3214,3249,3185,3267,3331,3274,3186,3282,3255,3179,3185,3301,3248,3215,3230,3213,3336,3195,3205,3286,3321,3109,3193,3295,3263,3309,3143,3314,3098,3226,3277,3114,3330,3294,3230,3204,3309,3042,3198,3277,3189,3234,3202,3239,3256,3218,3203,3229,3307,3257,3370,3132,3232,3237,3091,3162,3358,3229,3230,3186,3225,3302,3174,3196,3291,3242,3285,3147,3195,3208,3183,3159,3153,3282,3145,3183,3266,3250,3246,3238,3170,3227,3063,3227,3157,3346,3199,3336,3154,3178,3249,3248,3242,3189,3215,3238,3304,3201,3266,3267,3276,3395,3256,3218,3126,3237,3305,3212,3163,3365,3073,3290,3265,3195,3222,3235,3292,3235,3230,3264,3227,3246,3168,3226,3288,3126,3198,3261,3403,3254,3275,3270,3164,3315,3191,3389,3440,3039,3270,3196,3304,3352,3145,3314,3207,3333,3158,3466,3172,3175,3184,3235,3260,3012,3244,3171,3325,3257,3305,3088,3233,3265,3234,3314,3197,3190,3224,3097,3223,3274,3228,3285,3211,3263,3209,3295,3292,3235,3095,3232.99
10:40 PM,880,3138,2920,2833,2867,2911,2901,3094,2833,2885,2966,3031,2910,2877,2998,2949,3031,2887,2858,2943,2974,2865,2943,3068,2925,3018,3011,3041,2989,2899,2917,2850,2858,2960,2873,3040,2894,2937,2997,2861,2977,2959,2868,2849,2882,2973,2991,3060,2993,3045,2919,2951,3000,3015,2964,2965,2995,2916,3011,2876,2891,2988,2871,2920,2897,2863,2918,2860,2941,2944,2974,2889,3059,2868,2991,2962,2852,2858,3046,2967,3102,2907,2861,2933,2892,2954,2923,3134,2811,2921,2845,2905,2909,2861,2858,3142,3025,2813,2989,2950,2867,2958,2951,2901,2881,2913,2760,2950,2981,3010,2959,2887,2911,2827,2946,2846,2924,2836,2955,2907,2951,3058,2894,3049,3002,2896,2759,2997,2994,2913,2896,3051,2957,3054,3003,2936,2937,2913,3042,2976,2952,2958,2893,2893,3089,2806,2947,2913,2901,2985,2902,3027,2985,3023,2864,2967,2847,2986,3002,3016,2838,2861,2929,3014,2899,2981,2863,3046,2856,3028,2873,2924,2904,3010,2898,2745,2905,2960,2993,2939,3015,2846,3010,2985,2924,3166,2885,2919,2887,2859,2967,2950,2861,3003,2939,2976,2895,3053,3039,2786,2860,2939.75
10:50 PM,890,2786,2669,2541,2599,2593,2648,2739,2746,2594,2735,2731,2618,2621,2664,2657,2669,2572,2560,2709,2712,2656,2647,2680,2573,2736,2765,2713,2682,2630,2675,2626,2642,2677,2667,2711,2603,2821,2721,2616,2693,2601,2634,2540,2603,2732,2775,2737,2597,2702,2722,2608,2679,2719,2679,2657,2744,2624,2691,2673,2587,2680,2632,2595,2592,2621,2699,2588,2655,2642,2623,2583,2771,2650,2603,2681,2649,2619,2795,2698,2740,2703,2623,2709,2638,2672,2648,2707,2533,2594,2576,2585,2765,2599,2670,2848,2814,2564,2633,2741,2581,2651,2707,2585,2583,2634,2550,2734,2741,2660,2661,2563,2605,2512,2600,2617,2669,2600,2663,2628,2660,2626,2605,2701,2681,2672,2526,2643,2719,2581,2670,2748,2808,2782,2692,2639,2622,2716,2698,2651,2645,2573,2578,2567,2969,2634,2696,2654,2687,2617,2607,2675,2743,2623,2608,2642,2602,2633,2695,2865,2595,2618,2624,2751,2686,2709,2656,2663,2663,2672,2616,2617,2639,2649,2673,2655,2705,2603,2768,2715,2695,2623,2747,2698,2631,2869,2703,2665,2562,2562,2688,2636,2542,2731,2619,2695,2646,2669,2799,2522,2614,2661.14
